tokenized_and_stemmed,tweet_english,klasifikasi,klasifikasi bayes
yah dayaknya juga dukung ikn mau maju sendiri daerah mikirin daerah laen,"yes, dayaks also support fish that want to develop themselves and think about other areas",Negatif,Netral
menteri kerja umum rumah rakyat pupr bangun memorial park ibu kota nusantara ikn kalimantan timur bangun memorial park guna hormat jasa pahlawan bangsa nana mirdad bahrain bal bank mandiri yessica tamara,"minister of public works public house pupr builds memorial park, capital of the archipelago, ikn east kalimantan builds memorial park to honor the services of national hero nana mirdad bahrain bal bank mandiri yessica tamara",Netral,Netral
bilang jangan ngarang,said don't make it up,Netral,Netral
airlangga hartarto ungkap kampanye akhir partai golkar bakal gelar ikn,airlangga hartarto said that the golkar party's final campaign would hold the ikn title,Netral,Netral
dia akan aman ikn lot lot,he'll be safe ikn lot lot,Positif,Netral
yunani punya selera,greece has taste,Netral,Netral
ogah sakit tauuu,"don't get sick, you know",Negatif,Netral
sama2 satu tuju cuan ikn ,both have one goal of earning money,Netral,Netral
ntar,hang on,Netral,Netral
pernah,once,Netral,Netral
taman dekat dom ya taman bekapai,the park near the house is bekapai park,Positif,Netral
diantos meh apal ikn hehe,diantos meh apa likn hehe,Netral,Netral
mama anak anak,mother of children,Netral,Netral
akan sejarah ulang reklamasi proyek bohir rezim gagal anies jadi gubernur gagal reklamasi muncul ikn proyek bohir taruh besar anies jadi presiden,will re-history reclamation bohir project regime failed anies becomes governor failed reclamation appears ikn bohir project makes big bet anies becomes president,Negatif,Netral
komitmen pak ganjar terus ikn,mr gangar's commitment continues,Netral,Netral
ubah paslon 1 pak ganjar terus lanjut rampung ikn,"change the candidate pair, 1 pack of rewards and continue to complete the ikn",Positif,Netral
pak ganjar komitmen lanjut bangun ikn,"sir, reward your commitment to continue building ikn",Netral,Netral
berterimakasih ikn penuh aseng gituh om,"thank you, i'm full of fun, uncle",Positif,Netral
untuk ikn dana alutsista,for defense equipment funds,Netral,Netral
ikn nusantara tingkat ekonomi wilayah,indonesian archipelago regional economic level,Positif,Netral
uji coba mobil terbang 2024 ikn nusantara,2024 ikn nusantara flying car trial,Netral,Netral
ikn nusantara tingkat ekonomi wilayah,indonesian archipelago regional economic level,Positif,Netral
ishalla ikn meri,ishalla ikn meri,Netral,Netral
prabowo cinta rakyat kampanye banjarbaru prabowo klaim warga pulau kalimantan dukung ikn kalimantan selatan,prabowo loves the people of the banjarbaru campaign. prabowo claims that the residents of the island of kalimantan support the south kalimantan fishery,Netral,Netral
mbok pada mikir kalian 02 amp 03 satu tumbang no 01 buat lanjut ikn sudah kalian antem ,i think you guys are 02 amp 03 one down number 01 to continue ikn you already ante,Negatif,Netral
pantesan ngebet ampe keluar partai punya proyek di ikn ,it's no wonder you're being pushed around until you leave the party to have a project at ikn,Netral,Netral
temu tarik basis ppp mana koalisi pdip dukung ganjar justru lebih pilih prabowo anies mayoritas duduk kalimantan pilih prabowo nampaknya sangat ikn tetap lanjut anies tawar alternatif lain,"the ppp basis of the meeting is that the pdp coalition supports ganjar, but actually prefers prabowo.",Netral,Netral
tonton podcast kemal palevi sama sammy notaslimboy bg buat jawab ikn,watch kemal palevi and sammy notaslimboy's podcast to answer ikn,Netral,Netral
ikn novo dorflex max na pain,ikn novo dorflex max na pain,Netral,Netral
kabinet rasa timses pak lurah jg cm ngurusi ikn pilpres indonesia dlm kondisi auto pilot,the village head's timses cabinet also looks after the indonesian presidential election in auto pilot condition,Netral,Netral
gua kalo jadi pak jokowi kek susah tidur mikirin lanjut ikn,"if i were mr. jokowi, i would have trouble sleeping thinking about continuing ikn",Negatif,Netral
satu periode bangun 5 ikn,one wake period 5 ikn,Netral,Netral
gua tau berapa besar influence gilang so please not the ikn,i know how big gilang's influence is so please not the ikn,Netral,Netral
bawa deh isu ham mk apa but not the ikn not our ikn,"bring up the issue of whether or not human rights are the issue, but not the ikn, not our ikn",Netral,Netral
otorita ikn revitalisasi 5 sekolah ikn nusantara,ikn authority revitalizes 5 indonesian ikn schools,Netral,Netral
capres nya di aku,the presidential candidate is me,Netral,Netral
ikn nusantara jadi tuju investasi dunia,indonesian fish has become a global investment destination,Netral,Netral
hidmat tuhan ikn,god's wisdom ikn,Netral,Netral
ga ikn,no way,Netral,Netral
pak bas engga mau bawa aku ikn ya ,mr bas doesn't want to bring me fish,Netral,Netral
awokwokwok kabar ikn,awokwokwok news ikn,Netral,Netral
ohh investor ikn ya,"oh, investors, yes",Netral,Netral
bangun ikn prabowo klaim dukung penuh suku dayak,wake up ikn prabowo claims to fully support the dayak tribe,Netral,Netral
svt kamu nunggu ikn gimana sih gue sedih bgt,svt what are you waiting for? i'm so sad,Negatif,Netral
min gimana nanggepin temen gue pikir lanjutin ikn banding bangun 40 sudah kembang jadi maju,"min, how do i respond to my friend? i think i'm going to continue with the appeal of waking up to 40, so i'm progressing",Netral,Netral
pak ganjar komitmen ikn,sir rewards ikn's commitment,Netral,Netral
fbr dukung lanjut ikn lewat ganjar-mahfud md,fbr continues to support ikn via ganjar-mahfud md,Netral,Netral
institut kraf negara lalu jurus seni kraf logam hari telah ada demontrasi tukang pamer cucuk sanggul anjur ajar tahun 3 fakulti urus seni budaya waris aswara,the state crafts institute and metal crafts art style today there was a demonstration of the 3rd year teacher's chignon showman showing off the faculty of arts and culture heir aswara,Netral,Netral
yakin ikn kka,"i'm sure, bro",Positif,Netral
diitung sama ikn wkwk,it counts the same way hahaha,Positif,Netral
groundbreaking ikn  presiden jokowidodo groundbreakin jambuluw via,groundbreaking ikn president jokowidodo groundbreaking jamuluw via,Netral,Netral
agustinus selaku panglima jilah rupa pimpin pasu merah tbbr kata dukung beri prabowo lantar paslon nomor urut 2 sebut komitmen lanjut program jokowi khusus bangun ibu kota negara ikn nusantara,"agustinus, as the commander of jilah rupa, leads the red pasu tbbr, says he supports prabowo, as candidate pair number 2 says he is committed to continuing jokowi's program specifically to build the nation's capital, ikn archipelago.",Netral,Netral
anjing ikn nangor najis banget mau kamu taro,the fish dog is so unclean that you want to put it away,Netral,Netral
cumil maiii,cumil maiii,Netral,Netral
ikn kak ,ikn sis,Netral,Netral
pdhl pak ganjar komitmen lanjut ikn,even though sir rewarded my commitment to continue,Netral,Netral
lahh pak ganjar masih komitmen lanjut ikn,"well, mr gangar is still committed to continuing",Netral,Netral
up kan masalah kait konsep ikn pak,"up, there's a problem with the concept of ikn, sir",Netral,Netral
udh pusing balikin utang kcic ehhh nambah utang ikn utang naikin gaji jabat utang makan siang susu utang dukung nyapres,"i'm already confused about paying back kcic's debt, ehhh, increasing debt, debt, increasing salary, debt, lunch, milk, debt, support for the presidential candidate",Negatif,Netral
catat ikn jadi beban negara sangat berat,note that fish is a very heavy burden on the state,Negatif,Netral
owalaaahh baru tau aku nyata ikn ada gegara proyek reklamasi nya gagal,"owalaaahh, i just found out that it was actually because the reclamation project failed",Negatif,Netral
teman dukung ikn dari tiga paslon 01 prioritas ikn cemas bangun ikn batal walaupun udh ada uunya counternya gimana,"friends, support ikn from three candidate pairs 01, ikn's priorities are worried about getting up, ikn will be canceled even though there is already a counter law, what about it?",Netral,Netral
prabowo cinta rakyat prabowo klaim warga pulau kalimantan dukung ikn kalimantan selatan,prabowo loves the people. prabowo claims that the residents of the island of kalimantan support the south kalimantan fishery,Netral,Netral
minyak ikn,fish oil,Netral,Netral
waktu istirahat,time off,Netral,Netral
seperti sama kurir,just like the courier,Netral,Netral
masyarakat dayak dukung ikn panglima jilah sampai harap tinggi prabowo lanjut presiden jokowi,"dayak people support ikn panglima jilah until prabowo has high hopes, continued president jokowi",Positif,Netral
iyaaaaaaaaaa kmi mbtan projo sadar sadar sadar kpoook milih jokowi program ikn ikn ikn ikn ikn siang mlm rakyat bengkalai,yes,Netral,Netral
ntar,hang on,Netral,Netral
pada bikin ikn,when making fish,Netral,Netral
lah buka jg ganjar komitmen terus ikn wkk,"open it and reward continued commitment, okay?",Positif,Netral
dukung bangun ikn nusantara,support the development of the archipelago's fisheries,Netral,Netral
dukung bangun ikn nusantara,support the development of the archipelago's fisheries,Netral,Netral
dukung bangun ikn nusantara,support the development of the archipelago's fisheries,Netral,Netral
ayo sama dukung ikn nusantara jaya bangsa negara,"come on, let's support the nation's glorious archipelago",Netral,Netral
ayo sama dukung ikn nusantara jaya bangsa negara,"come on, let's support the nation's glorious archipelago",Netral,Netral
ayo sama dukung ikn nusantara jaya bangsa negara,"come on, let's support the nation's glorious archipelago",Netral,Netral
ayo sama dukung ikn nusantara jaya bangsa negara,"come on, let's support the nation's glorious archipelago",Netral,Netral
ayo sama dukung ikn nusantara jaya bangsa negara,"come on, let's support the nation's glorious archipelago",Netral,Netral
kena buai mimpi ikn paling,i got to lull my dream the most,Positif,Netral
istana presiden udah pindah ikn awokwokwok,the presidential palace has moved ikn awokwokwok,Netral,Netral
elah metland punya ciputra proyek ciputra ikn gede sok sok an aee,"yes, metland has a ciputra project, the ciputra ikn is big and pretends to be an aee",Netral,Netral
oo buka cabang ikn,oo open an ikn branch,Netral,Netral
buat ikn makan siang gratis lebih baik ,make free lunch better,Positif,Netral
kirain atas foto ikn sdh jadi konsep green city ,i think the photo above has become a green city concept,Negatif,Netral
pak anies tuju proyek ikn silah simak,"mr. anies aims for the ikn project, please take a look",Netral,Netral
ikn china,chinese fish,Netral,Netral
mau ikn,i want to fish,Netral,Netral
gin nyari duit buat bangun ikn ya,i'm looking for money to build a fish,Netral,Netral
siap ikn ,ready ikn,Positif,Netral
hikmat opone sing kowe entok hikmat proyek ikn dul,hikmat opone sing kowe entok hikmat ikn dul project,Netral,Netral
deket banget sama ikn,very close to fish,Positif,Netral
mau ikn nunggu lolos cpns tahun,i want to wait to pass the cpns year,Netral,Netral
ikn jauh bgd,it's really far away,Positif,Netral
kalo ikn stop sih aku ikut tuju,"if it stops, i'll go too",Netral,Netral
emang bulan pindah ikn,it's true that the month has moved,Positif,Netral
anies usung tema ubah dan kaji ulang bangun ikn jdinya si ono rasa ancam,anies brought up the theme of changing and reviewing the building so that ono felt threatened,Netral,Netral
mending bangun ikn 800t lahh,it's better to build an 800t fish,Positif,Netral
kebut selesai jalan tol ikn hut ri,speeding to complete the ikn hut ri toll road,Positif,Netral
ikn tang,ikn tang,Netral,Netral
kristen agama bikin orang yunani,christian religion made the greeks,Netral,Netral
pt lajuland bangun destinasi wisata lakeview ikn ubah lahan bekas tambang batu bara jadi spot milenial tarik rainbow slide skywalk siap manja unjung,"pt laluland builds lakeview ikn tourist destination, converts ex-coal mining land into attractive millennial spot, rainbow slide skywalk, ready to pamper visitors",Positif,Netral
ikn unfaeda dapat faedah prabowo sama hasyim punya proyek besar ikn,ikn unfaeda can benefit from prabowo and hasyim having a big ikn project,Netral,Netral
tanda2 kiamat,signs of the end,Netral,Netral
dapet proyek ikn bilang hikmat tuhan perkara duniawi tuhan slalu bawa,"got the project, said god's wisdom in worldly matters, god always brings it",Netral,Netral
ketua doank dukung ikn lain mana,"chairman, do you support other fish?",Negatif,Netral
proyek bangun ikn nusantara serap tenaga kerja,indonesia's ikn building project absorbs workers,Netral,Netral
sama ganjar mahfud,same as mahfud's reward,Netral,Netral
faedah lama libur semester sering bantu ibu buat masak bismillah 2024 punya warung sunda ikn,long term benefits of semester break often help mother to cook bismillah 2024 owning a sundanese fish stall,Negatif,Netral
produk gagal mau pimpin nagara bikin malu 270 juta rakyat,the failed product of wanting to lead the country embarrassed 270 million people,Negatif,Netral
bangun dinasti sekali istana ikn keluarga apa laku keji cundang rampok perkosa demokrasi,"build a dynasty once a palace and a family, what abominable behavior, cheating, robbing, raping democracy",Netral,Netral
lagi orang kamu dukung semua gagal,the people you support all fail,Negatif,Netral
anjay langsung hukum orang kalimantan abis ngusik ikn ,anjay immediately punished the kalimantan people after disturbing the fish,Negatif,Netral
yg dukung dukung sama2 bodoh,those who support it are both stupid,Negatif,Netral
someone said kaya kubah masjid ikn im screaming,someone said rich mosque dome im screaming,Positif,Netral
ikn ibu kota nippon,the capital of nippon,Netral,Netral
0 bro,0 bro,Netral,Netral
0 bro,0 bro,Netral,Netral
tidak sepi ikn,it's not quiet,Netral,Netral
pak ganjar terus komitmen tetap jalan ikn ubah apa,"mr ganjar, keep your commitment and keep going, what will you change?",Netral,Netral
cari ikn bang wkwk,look for fish bro hahaha,Positif,Netral
kcic ikn pajak motor bensin pajak bumi bangun naik ,kcic ikn motorbike petrol tax land and property tax increases,Netral,Netral
yang bahas sih soal akan hilang paru dunia ikn rampung bangun ngeri sudah lanjur,the discussion about the world's lungs will disappear and the horror is over,Netral,Netral
culik ikn aja,just kidnap the fish,Netral,Netral
pasu merah dayak kalimantan sama prabowo-gibran sinergi mantan panglima kostrad dg panglima pasu merah prabowo-gibran antar pasu merah tuju istana keprisidenan ikn waktu panglima jaga indonesia jaga daulat nkri,"pasu merah dayak kalimantan with prabowo-gibran synergy between former kostrad commander and pasu merah commander prabowo-gibran between pasu merah heading to the presidential palace, ikn, when the commander in chief of indonesia guards the sovereignty of the republic of indonesia",Netral,Netral
ikn nusantara tingkat ekonomi wilayah,indonesian archipelago regional economic level,Positif,Netral
bangun infrastruktur ikn makin kebut,building fish infrastructure is getting faster and faster,Netral,Netral
dukung perintah bangun infrastruktur ikn,support orders to build ikn infrastructure,Netral,Netral
gibran sandera ikn lahan prabowo food estate politis demokrat justru serang balik,gibran hostage ikn tanah prabowo food estate democratic politics actually attacked back,Netral,Netral
ikn ambon,ambon fish,Netral,Netral
lebih cuan ikn eh,more money eh,Positif,Netral
cuit tidak milik relevansi bangun ikn,the tweet does not belong to ikn's wake relevance,Netral,Netral
someone said pentil kubah ikn,someone said ikn dome valve,Netral,Netral
ada nemenin kalo kamu jadi pindah ikn,i'll accompany you if you move,Netral,Netral
ke-kenapa ikn,wh-why ikn,Netral,Netral
bismillah half blood bandung jawa thn 00 mungkin pindah ikn haha,bismillah half blood bandung java in 00 maybe moving to fish haha,Positif,Netral
basuki jalan tol ikn tahap 1 selesai juli 2024,basuki ikn toll road phase 1 will be completed in july 2024,Netral,Netral
ikea ikn,ikea ikn,Netral,Netral
makan tugas orang tua anggar 450t tahun buat makan gratis tara bangun ikn investor ,eating parents' duties budgets 450t a year for free food tara wakes up ikn investor,Positif,Netral
ikn kayakny bagus loh,"the fish seems good, you know",Positif,Netral
pohon di tebang buat ikn mana yaa,trees are cut down for fish,Negatif,Netral
yahh enggak tidak sempat buat ngumpet ikn di daerah mah nonton aja,"well, i don't have time to catch fish in the area, i just watch it",Netral,Netral
satu satu gue kurang tuju tolak 01 ikn,"one by one, i'm not aiming enough to reject 01 ikn",Netral,Netral
ganjar kamu komitmen bangun ikn,reward your commitment to building ikn,Netral,Netral
nyari ikn gan,"look for fish, bro",Netral,Netral
didik lah rumah gusur jadi ikn,educate demolished houses to become fish,Netral,Netral
iy maafya sibuk benerin ikn ikat kepompong nasional,"yes, sorry, i'm busy fixing the national cocoon",Negatif,Netral
pak ganjar masih komitmen terus ikn,mr ganjar is still committed to continuing,Netral,Netral
neh bajer gedibal babi ikn,neh bajer gedibal pork fish,Netral,Netral
kabar ikn,news,Netral,Netral
kalo ganjar sama kan bakal nerusin ikn,"if you get the same reward, you'll continue to fish",Netral,Netral
gw bukan buzzer yak cek twit gue x buka chance pindah paslon tapi soal ikn sll wanti wanti sjak awal ikn tetep jalan siapa pilih bila bkn 02 akan pakai alsan krna sdah lanjur ttd bla bla g ajar kasus reklamasi ,"i'm not a buzzer, check my tweets",Netral,Netral
nyata lemhanas udah bikin kaji buat tahan ikn,"in fact, lemhanas has already carried out a study on fish resistance",Netral,Netral
proyek bangun ikn nusantara serap 9 976 tenaga kerja 30 antara kerja lokal,"the archipelago fish development project absorbs 9,976 workers, 30 of which are local workers",Netral,Netral
ikn nusantara tingkat ekonomi wilayah,indonesian archipelago regional economic level,Positif,Netral
ikn kasus jadi mirip reklamasi pantura jakarta banten,this case is similar to the reclamation of the jakarta banten coast,Netral,Netral
bangun memorial park ikn resmi anggar capai 361 miliar rupiah,building the official ikn memorial park costs 361 billion rupiah,Netral,Netral
hah sumpah kak jauh banget malah kalimantan ikn,"hah, i swear, it's really far away, even kalimantan",Positif,Netral
mass transit proper sampe plosok  ikn ,mass transit proper until plosok ikn,Netral,Netral
ketemu prabowo panglima jilah titip pesan soal ikn menteri,"met with prabowo, panglima jilah, entrusted a message regarding the ministerial candidate",Netral,Netral
badan otorita ikn umum daftar menang kompetisi karya jurnalis ikn,public fish authority body lists winners of competition for works by fish journalists,Netral,Netral
hahaha satu proyek ikn,hahaha one fish project,Positif,Netral
aku jauh sih kalo ikn rumah 2 jam,i'm far away if i'm home for 2 hours,Positif,Netral
kapasitas hkti apa dukung ikn,what real capacity supports fish?,Positif,Netral
ikn salah satu nawacita pdip,ikn is one of the pdp nawacita,Netral,Netral
mulai sikap tolak pindah ikn tolak naik pajak motor revisi uu ite baru timbang minta,"starting from a stance of refusing to move, to refusing to increase the revised motorbike tax law, then consider asking",Netral,Netral
memorial park ikn hormat pahlawan diri bangsa,the memorial park honors the nation's heroes,Netral,Netral
istana presiden ikn fungsi mulai juni 2024,ikn presidential palace functions from june 2024,Netral,Netral
ikn bangga,i'm proud,Positif,Netral
wujud indonesia sentris bangun ikn,indonesia-centric form of building ikn,Netral,Netral
bangun ikn nusantara melindugi lestari hutan,build the archipelago's fisheries to protect sustainable forests,Netral,Netral
ikn lindung kawasan hutan satwa,protected fish and animal forest areas,Netral,Netral
solusi affordable housing tengah kota public housing model singapore upgrade metropolitan upgrade 40 kota amin alih alih ikn,"affordable housing solutions in the middle of the city, public housing model, singapore upgrade, metropolitan upgrade, 40 cities, amen, ikn transfer",Netral,Netral
tahap satu bangun jalan tol ikn ini jalan tiga seksi seksi 3a karangjoang-kkt kariangau panjang 13 4 kilometer progres 48 persen,phase one of building the ikn toll road is a three section road section 3a karangjoang-kkt kariangau length 13 4 kilometers progress 48 percent,Netral,Netral
ikn jadi kota kualitas,ikn is a city of quality,Netral,Netral
ikn tingkat ekonomi indonesia,the level of the indonesian economy,Netral,Netral
mantap benar nih ikn,that's really cool,Positif,Netral
pkb paling dosa nya ikn,pkb is the biggest sin,Netral,Netral
jepang bakal kembang bandara pinggan balikpapan jadi pintu masuk ikn,japan will develop pinggan balikpapan airport to become the entrance to ikn,Netral,Netral
yg jelas proyek ikn,what is clear is the ikn project,Positif,Netral
perintah target plts 50 mau pasok listrik ikn,plts 50 target command wants to supply ikn electricity,Positif,Netral
oikn ajak university of maryland as riset bijak ikn,oikn invites university of maryland us to research wise ikn,Positif,Netral
awal ikn penuh tipudaya,the beginning was full of deception,Positif,Netral
uji coba mobil terbang 2024 ikn nusantara,2024 ikn nusantara flying car trial,Netral,Netral
bangun ikn nusantara dampak positif lingkung,build the archipelago's economy with positive environmental impacts,Positif,Netral
ikn nusantara tingkat ekonomi wilayah,indonesian archipelago regional economic level,Positif,Netral
pajak naik pertalite hilang untuk biaya ikn defisit kcic,pertalite's tax increase was lost to cover kcic's deficit ikn costs,Netral,Netral
4 usaha jepang tarik kembang bandara pintu masuk ikn,4 japanese businesses attracting flowers at the airport entrance to ikn,Netral,Netral
duit darimana apbn mulai gerus ikn,where does the money come from when the apbn starts to erode ikn,Netral,Netral
stop politik dynasty udah terobos stop ikn stop food estate uang maju didik udah itu terobos,"stop dynasty politics, it has been broken through, stop ikn, stop food estate, money, advance education, it has been broken through",Negatif,Netral
naik cuma buat ikn mah fak kata teh,"i only go up for fish, fak said",Netral,Netral
 food estate ikn kendeng pakel tumpang pitu papua geotherman dieng rob semarang asap jakarta wadas tamansari dago elos rempang urutsewu tambang emas trenggalek nyia,food estate ikn kendeng pakel overlapping pitu papua geotherman dieng rob semarang smoke jakarta wadas tamansari dago elos rempang urutsewu gold mine trenggalek nyia,Netral,Netral
bloomberg yang dulu sebut ikn beranta benar tidak bukti,"bloomberg, who previously called ikn a mess, has no proof",Negatif,Netral
ngomong bgini ikn lanjut kontradiksi sekali,saying this is a complete contradiction,Positif,Netral
yang masalah ikn,that's the problem,Netral,Netral
shell indonesia salah satu usaha minyak gas migas aku tarik mulai bisnis ikn kalimantan timur,shell indonesia is one of the oil and gas businesses that i started starting the fish business in east kalimantan,Netral,Netral
pak ganjar komitmen terus ikn,"sir, reward me for my continued commitment",Netral,Netral
ikn,ikn,Netral,Netral
ikn pengaruh di sana statement bilang ikn hutan,ikn influence there statement says ikn forest,Netral,Netral
pasu merah dayak minta prabowo buat dayak center ikn,red pasu dayak asks prabowo to build dayak ikn center,Negatif,Netral
mungkin maksud hikmat aguan milyaran rupiah proyek ikn hayaaaa,maybe the meaning of the wisdom of aguan billions of rupiah in the fish project is hayaaaa,Netral,Netral
awoeoeokwikwowkk hasyim kuasa lahan sekitar ikn,awoeoeokwikwowkk hasyim controls the land around ikn,Netral,Netral
mungkin maksud hikmat duit limpah aguan ikut proyek ikn,maybe it means the wisdom of having lots of money and joining an ikn project,Netral,Netral
asa ikn ya,i hope so,Netral,Netral
harus ikn coret ,must be crossed out,Netral,Netral
jk soal ikn tidak mudah  tonton youtube karni ilyas club,"if it's about fish, it's not easy to watch youtube because it's ilyas club",Negatif,Netral
panglima jilah sampai probowo pasu merah minta buat dayak center ibu kota nusantara ikn,"panglima jilah until probowo pasu merah asked to build a dayak center for the capital of the archipelago, ikn",Negatif,Netral
masih lrt lagi ikn kalo nekad terus romusha 4 0,"there's still another light rail if you're brave, keep going romusha 4 0",Positif,Netral
awas nanam singkong tumbuh jagung ikn ,watch out for planting cassava and growing corn,Netral,Netral
yuk lihat kembang hotel nusantara ikn kait maruarar sirait,come see the flowers of the indonesian hotel ikn kait maruarar sirait,Netral,Netral
warga ikn dukung food estate ya wah btw laut manusia tumpah ruah tuh pak batam,"ikn residents support the food estate, wow, btw, the sea of ​​people is overflowing, batam sir",Positif,Netral
ikn ajaa sekali giat bangun kotaa,i'm just very active in building the city,Negatif,Netral
seluruh anggota peduli sama berhala nama ikn,all members care about the idol named ikn,Netral,Netral
o masjid mcflurrynyanitu ikn,o mcflurrynyanitu mosque ikn,Netral,Netral
proyek bangun jalan tol ikn target selesai juli 2024,the ikn toll road construction project is targeted for completion in july 2024,Netral,Netral
die kan usaha juga punya proyek ikn,"yes, the business also has an ikn project",Netral,Netral
bangun ikn pak,"wake up, sir",Netral,Netral
tuhan nya ada ikn sono,there is a god like sono,Netral,Netral
usaha vietnam investasi ikn,vietnam investment business ikn,Netral,Netral
umat kristiani pernah campur aduk antar agama amp politik knp si ara bisa lanjut hotel nya ikn pake jual agama ya kadrunisme,"christians have mixed up religion and politics, why can ara continue his hotel by selling religion, kadrunism?",Netral,Netral
jadi menteri pupr kan punya proyek hotel bintang 5 ikn,so the minister of public works has a 5 star ikn hotel project,Netral,Netral
sama dukung ikn nusantara,and support indonesian fish,Netral,Netral
taruna calo ikn koar koar,"the cadets tout the fish, they're all loud and loud",Positif,Netral
sama,the same,Netral,Netral
bangun ikn jadi topang ekonomi indonesia masa depan,build ikn to support indonesia's future economy,Netral,Netral
nah dengar kata rabbi yahudi,"well, listen to what the jewish rabbi said",Netral,Netral
semua orang israel agama yahudi semua yahudi jewish zionis,all israelis are jewish all jews are zionist jews,Netral,Netral
mukusnya bangun hotel ikn,the mucus is building an ikn hotel,Netral,Netral
nyata,real,Positif,Netral
dukung progres bangun ikn nusantara,support the progress of building the archipelago's fisheries,Netral,Netral
dukung progres bangun ikn nusantara,support the progress of building the archipelago's fisheries,Netral,Netral
dukung progres bangun ikn nusantara,support the progress of building the archipelago's fisheries,Netral,Netral
nyata,real,Positif,Netral
nyata,real,Positif,Netral
hahaha satu selera,hahaha one taste,Positif,Netral
nanti kampus internasional ikn,later the ikn international campus,Netral,Netral
kampus kelas dunia pertama tarik ikn,first world class campus to attract ikn,Positif,Netral
niu amerika serikat tarik bangun kampus pascasarjana ikn,niu united states withdraws construction of ikn graduate campus,Netral,Netral
niu amerika serikat tarik bangun ikn,niu united states pull up ikn,Netral,Netral
universitas internasional peluang kolaborasi bentuk riset didik ikn,international universities opportunities for collaboration in the form of education and education research,Netral,Netral
program tidak masuk akal lebih gila ikn,more crazy nonsense program ikn,Negatif,Netral
yesus bahasa yunani,jesus in greek,Netral,Netral
panglima jilah ribu pasu merah dukung prabowo lanjut bangun ikn,commander jilah thousand red pasu supports prabowo to continue building ikn,Netral,Netral
si tiba tiba bikin ikn,si suddenly made fish,Netral,Netral
presiden jokowi mulai bangun jambuluwuk nusantara hotel ikn,president jokowi begins building the jambuluwuk nusantara ikn hotel,Netral,Netral
tol akses tuju ikn tahap 1 rampung juli 2024 datang,ikn access toll road phase 1 will be completed in july 2024,Netral,Netral
jalan tol ikn tengah bangun begini tampak,this is how the ikn toll road is being built,Netral,Netral
jadi jelas untuk tolak ikn bye bye,so it's clear to reject ikn bye bye,Positif,Netral
bangun ikn tingkat tumbuh ekonomi,build the level of economic growth,Positif,Netral
ikn nusantara jadi titik bangkit tuju negara maju sejahtera,the indonesian archipelago has become a rising point towards a prosperous developed country,Positif,Netral
ikn nusantara beri ubah besar bangsa negara,indonesian fish have made a big difference to the nation's nation,Netral,Netral
waskita tuntas 7 proyek ikn semester i daftar,waskita completes 7 ikn projects in semester i list,Netral,Netral
lah deforestasi buat ikn food estate siape ,is deforestation ready for food estates?,Positif,Netral
menteri basuki pasti tol ikn selesai juli 2024,minister basuki will definitely complete the ikn toll road in july 2024,Positif,Netral
dpt proyek ikn pak he he,got a fish project sir he he,Netral,Netral
kubah masjid ikn,ikn mosque dome,Netral,Netral
capres kamu kolega kurang ngerusak di food estate ikn,your presidential candidate colleagues are not doing enough damage to the ikn food estate,Netral,Netral
itu gara ambisi junjung kamu buat nerusin ikn ,that's because of your upholding ambition to continue the business,Netral,Netral
mungkin maksud hikmat duit biasa aguan proyek ikn,maybe it means ordinary money wisdom and fish project support,Negatif,Netral
yakin paslon loe paham ttg lingkung  ikn mau terus gmana bicara lingkung yang babat hutan buat singkong,are you sure your candidate pair understands the environment for fish? what do you want to do with talking about the environment that clears forests for cassava?,Positif,Netral
kl gitu baik gen z mulai beli rumah ikn 50 tahun kalo negara bangkrut jadi area elit dipuji2 generasi ikut,"if that's the case, gen z will start buying houses in 50 years, if the country goes bankrupt, it will become an elite area, praised by generations to follow.",Netral,Netral
kalau food estate ikn bang subsidi gak kalau dari mana pajak mobil pajak hibur,is there a subsidy for food estates? where does the car tax come from?,Netral,Netral
tau definisi kampanye ga,do you know the definition of campaign?,Netral,Netral
haqqulyakin ikn mangkrak penuh dusta alkadhibuajzun,haqqulyakin ikn stalled full of lies alkadhibuajzun,Positif,Netral
haluuuu bisa curang kpu nope,haluuuu you can cheat nope,Netral,Netral
bangun karaoke ikn mbak tahu discount pajak 75,"wake up karaoke, sis, you know, 75 tax discount",Netral,Netral
pupuk vs ikn,fertilizer vs fish,Netral,Netral
si plongo bisa apa jadi sales ikn,what can the old man do as an fish salesman?,Positif,Netral
jokowi punya high stakes ya ikn smelter,"jokowi has high stakes, yes, ikn smelter",Positif,Netral
jaga aset nya ikn kalik bang,"take care of your assets, bro",Netral,Netral
beda jauh sama proses ikn,very different from the ikn process,Netral,Netral
grassrot kadrun kau diam kasih makan monyet ikn yaaaaaaaa,grassrot kadrun you keep quiet and feed the monkeys fish yaaaaaaaa,Netral,Netral
pindah ikn ae mas,"move on, bro",Netral,Netral
ikn hambalang,hamland fish,Netral,Netral
ngaku negara chaos duit buat bangun ikn asal,admits that the country is in chaos with money to build the original country,Positif,Netral
lbh suka non baduy belah,i prefer non baduy,Netral,Netral
dukung bangun ikn masyarakat dayak titip pesan prabowo bangun dayak center,"support the building of the dayak community, entrusting prabowo's message to build a dayak center",Negatif,Netral
konten mah,my content,Netral,Netral
l dicebokin trus lah bakal jadi sama ikn,i'll be fucked and then i'll be the same as ikn,Negatif,Netral
ikn kota cerdas,smart city icon,Positif,Netral
buah cermin rezim asal asal naik pajak pada akh naik jor joran ikn jadi bangun,"a reflection of the original regime's tax increases at the end of the rise, so i woke up",Positif,Netral
gw mah ikn lanjut asal bukan pegang jokowi,i'm going to continue as long as i don't hold jokowi,Negatif,Netral
duit buat nambahin bangun ikn pak,"money to increase your fish development, sir",Netral,Netral
ikn keren,cool icon,Positif,Netral
wkwkw nalangin ikn,"aww, don't worry about it",Positif,Netral
suruh takedown punya properti mereka punya saham ikn silah simpul sendiri,"tell takedown to own the property, they own the shares, please make your own knot",Positif,Netral
foto bapak kan kuasa usaha megang proyek ikn,the photo of you is the business authority holding the ikn project,Netral,Netral
dukung bangun ikn masyarakat dayak titip pesan prabowo bangun dayak center,"support the building of the dayak community, entrusting prabowo's message to build a dayak center",Negatif,Netral
mulai babat hutan buat project ikn ,start clearing the forest for a fish project,Netral,Netral
bukan l pak 3 huruf ikn,not l sir 3 letters ikn,Netral,Netral
ikn lebih buah kota harap masa depan indonesia di sana,ikn more fruit cities hope for indonesia's future there,Positif,Netral
ikn ikn untung,ikn ikn profit,Netral,Netral
iya sama sperti ominibus law ikn,"yes, it's the same as ikn's ominibus law",Netral,Netral
menteri basuki minta jalan tol ikn rampung juli begini progres,"minister basuki asked for the ikn toll road to be completed in july, this is the progress",Netral,Netral
fakta defisit gara2 ikn lrt,facts about the deficit due to lrt traffic,Negatif,Netral
kirain ikn,think about it,Netral,Netral
tau sya cerita aladin bikin istana kyk di ikn,i know the story about aladdin making the palace look like an icon,Netral,Netral
hhh bagi jg gua project ikn,hhh also share my project ikn,Netral,Netral
jalan tol ikn tahap satu target rampung juli 2024,ikn toll road phase one is targeted for completion in july 2024,Netral,Netral
ikn duluan lah,i'll go first,Positif,Netral
kamu jahat baangg wkwkwkwk,you're evil bro hahaha,Negatif,Netral
dukung bangun ikn masyarakat dayak titip pesan prabowo bangun dayak center,"support the building of the dayak community, entrusting prabowo's message to build a dayak center",Negatif,Netral
basuki target tiga seksi tol ikn lintas juli 2024,basuki targets three sections of the ikn cross toll road in july 2024,Netral,Netral
partai golkar bakal gelar kampanye akhir ikn,golkar party will hold ikn's final campaign,Netral,Netral
hubung sama ikn sih soal butuh biaya huft,"please contact ik about the costs required, huft",Netral,Netral
oalah makasih mas info message buzzer buzzer jokowi sekarang pindah kubu nih akan nyusul kayak kartu truf udah di pegang ,"oh, thank you, bro, info message buzzer buzzer, jokowi is now changing sides, he will follow as if the trump card is already in his hand.",Netral,Netral
buru2 mau kerja ikn,i'm in a hurry to get a job,Netral,Netral
padahal ikn baru acc 950m buat bangun masjid,even though iccn just got 950m to build a mosque,Netral,Netral
wah kya acting kar raha hai,wow kya acting kar raha hai,Positif,Netral
kerja ikn nyoblos tps reguler,work like voting at regular polling stations,Netral,Netral
tenang kalo ikn jadi otomatis jembatan tinggi otomtis,don't worry if the fish becomes an automatic high bridge,Positif,Netral
kalau saya baca2 investasi beliau hotel ikn,"if i read about his investments, ikn hotels",Netral,Netral
ijin nambahin min kdrt kalah debat rus tangis ikn ikh nang ,permission to add min kdrt lost the debate rus crying ikh nang,Negatif,Netral
ibu kota nusantara,capital of the archipelago,Netral,Netral
iyah memang masalah struktural perintah skrg cmn mau bayar utang cina sama bikin ikn,"yes, it's a structural problem with the current order because we want to pay china's debt and make fish",Netral,Netral
capres lebih jijik mendung lebih bodoh,the presidential candidate is more disgusted and more stupid,Negatif,Netral
ikn maksud,i mean,Negatif,Netral
iya prabowo pindah ikn,"yes, prabowo moved to ikn",Netral,Netral
anak korupsi takut sekali ikn lanjut penting anis presiden tahun 2024,children of corruption are very afraid of anis' important presidential candidate in 2024,Negatif,Netral
untuk ikn moga ajajangan siiiii kalaupun bengkak jangan over bangettt dehhh,"for fish, please don't let it swell even if it's swollen, don't overdo it",Netral,Netral
habis reklamasi terbit ikn,"after reclamation, ikn is published",Netral,Netral
jahil murokkab alih dana didik infrastruktur ,murokkab's ignorant transfer of infrastructure education funds,Netral,Netral
kalau paslon menang hotel ikn boncos,"if the candidate pair wins, the hotel will get bonuses",Positif,Netral
kalo dana lari ikn gimn dong,"if the funds run away, it's a game, bro",Negatif,Netral
pupr kebut bangun jalan tol ikn tahap 1 rampung juli tahun,"pupr is speeding up the construction of the ikn toll road, phase 1 to be completed in july this year",Netral,Netral
menteri walikota presiden mundur calon diri ikn jadi kota hantu pilpres 2 putar no1 3 gabung putar 2 adioz jokowi family,minister mayor president resigns self-candidate ikn becomes ghost town presidential election 2 turn no1 3 join turn 2 adioz jokowi family,Netral,Netral
ikn bencana ekologi nyata,ikn a real ecological disaster,Positif,Netral
kayak gin harus resin bukan ikn mulu,"like gin has to be resinous, not fishy",Netral,Netral
sby jokowi sami mawon akhir kuasa tinggal masalah sby dg kasus hambalang century jokowi dg kasus mk politik dinasti sebentar kasus mangkrak ikn,sby joker,Netral,Netral
otw jadi ikn,otw so ikn,Netral,Netral
ikn otw masdar city uae rakyat dikit sumber daya tumpah politik lebih stabil 30 taun lebih kelar kelar,"ikn otw masdar city uae people have few resources, politics is more stable for more than 30 years, finished",Positif,Netral
jalan tol ikn tengah bangun begini tampak,this is how the ikn toll road is being built,Netral,Netral
laksana bangun mulai november 2023 target selesai desember 2024,"like construction starting in november 2023, the target for completion is december 2024",Netral,Netral
tahap pertama bangun buah masjid tampung jemaah kapasitas 61 392 orang total biaya konstruksi besar rp991 miliar,"the first stage is to build a mosque to accommodate a congregation with a capacity of 61,392 people. the total construction cost is idr 991 billion",Positif,Netral
eksponen reformasi 1998 aktivis demokrasi m fadjroel rachman dukung penuh lanjut program presiden jokowi ikn perata infrastruktur gt,1998 reform exponent democracy activist m fadjroel rachman fully supports continuing president jokowi's program ikn infrastructure leveling gt,Netral,Netral
pasa cap jokky ,pasa jokky stamp,Netral,Netral
bang ara proyek ikn pak lurah,"bro, sir, village head's fish project",Netral,Netral
ayo smwa dipajakin buat ikn,"come on, let's tax it for fish",Netral,Netral
telan biaya rp638 8 miliar sistem ipal ikn nusantara kalimantan timur guna,cost rp. 638 8 billion for the ikn east kalimantan ipal system to use,Netral,Netral
atheis bicara teologi,atheists talk about theology,Netral,Netral
gua ke ikn yaallah ,i'm going to god,Netral,Netral
tanda masih punya uang,a sign that you still have money,Netral,Netral
jangan lupa anies bawa tanah kampung akuarium ikn sindir mantep,"don't forget, anies, bring the land from the ikn sindir mantep aquarium village",Netral,Netral
grey zone ikn,gray zone icon,Netral,Netral
jomblo jangan kalah sama truk truk pasang,singles don't lose out to truck pairs,Netral,Netral
truk pasang masa tidak,no time to install the truck,Netral,Netral
seperti,like,Netral,Netral
pak wowo tentara tni yang punya rumah bapak menhan punya ratus ribu hektar tanah etika nya omon omon tanah buat ikn bukan double cuan dong,"mr. wowo, a tni soldier who owns a house. the minister of defense has hundreds of thousands of hectares of land. the ethics of it are omon omon. land for fish is not a double profit, bro.",Netral,Netral
bayar utang cina nutupin boncosnya ikn negara udah maladministrasi akut memang pilih 2 bukan 02 presiden chaos,"pay china's debt to cover the costs, the country is experiencing serious maladministration, indeed choose 2, not 02, president chaos",Negatif,Netral
jawab b sport city masuk konsep pembagunan ikn yuk ikut,"answer b sport city is part of the concept of fish development, let's join in",Netral,Netral
nyata,real,Positif,Netral
lah bukan sebentar bakal pindah ikn tinggal tunggu selesai kan ikn nya,"it won't take a while for the fish to move, just wait for the fish to finish",Netral,Netral
nilai investasi groundbreaking ikn nusantara tahap empat capai 1 1 triliun rupiah,the investment value for the fourth phase of indonesian ikn groundbreaking has reached 1.1 trillion rupiah,Netral,Netral
probably unpopular opinion twitter pindah ibukota negara ikn putus tepat,probably unpopular opinion twitter moving the country's capital is right,Positif,Netral
ga pa pa kan punya ikn,it's okay to have fish,Positif,Netral
ajar brasil jk minta bangun ikn evaluasi,teach brazil if you ask to wake up ikn evaluate,Netral,Netral
nilai investasi groundbreaking ikn nusantara tahap empat capai 1 1 triliun rupiah,the investment value for the fourth phase of indonesian ikn groundbreaking has reached 1.1 trillion rupiah,Netral,Netral
ikn khianat jokowi bisa makzul video 4 lengkap,"if jokowi's betrayal can be impeached, complete video 4",Positif,Netral
ikn khianat jokowi bisa makzul video 3 lengkap,"if jokowi's betrayal can be impeached, complete video 3",Positif,Netral
ikn khianat jokowi bisa makzul video 2 lengkap,"if jokowi's betrayal can be impeached, complete video 2",Positif,Netral
nilai investasi groundbreaking ikn nusantara tahap empat capai 1 1 triliun rupiah,the investment value for the fourth phase of indonesian ikn groundbreaking has reached 1.1 trillion rupiah,Netral,Netral
ikn ingat ingat ikn,ikn remember remember ikn,Netral,Netral
emang kalo lihat besar pak wong jabat kita punya maha besar bisa bolak balik ada semangat terus abah juang hilir ikn juga juang mati2an,"indeed, if you look at the size of mr. wong, our position is very big, you can go back and forth, there is enthusiasm, bro, you will continue to fight downstream and also fight to the death.",Netral,Netral
pikir bisnis ikn,think ikn business,Netral,Netral
plus ngak proyek ikn seperti adik gemoy ,"plus, it's not an ikn project like my gemoy sister",Netral,Netral
nilai investasi groundbreaking ikn nusantara tahap empat capai 1 1 triliun rupiah,the investment value for the fourth phase of indonesian ikn groundbreaking has reached 1.1 trillion rupiah,Netral,Netral
kebut suasana bangun ikn tuju upacara 17 agustus 2024,accelerate the atmosphere of ikn's wake up to the ceremony on august 17 2024,Netral,Netral
khareedah baandri bc kiraye ki sahafi sahafat ki fazlooo hai,khareedah baandri bc kiraye ki sahafi sahafat ki fazlooo hai,Netral,Netral
emang dampak bangun ikn cuma doang pajak bakal pd naik,"indeed, the only impact of developing fish is that taxes will increase",Netral,Netral
dapat proyek ikn pak lurah,got the village head's fish project,Netral,Netral
yok yok anggar 8000t ikn,"come on, budget 8000t ikn",Netral,Netral
mungkin maksud tuhan itu aguan cs banyak kasi uang buat ikn hayaaa,maybe god means that aguan cs will give lots of money for fish hayaaa,Netral,Netral
jadi ikn untuk buka sawah,so fish to open rice fields,Netral,Netral
ikn nusantara,archipelago fish,Netral,Netral
lihat ikn,see ikn,Netral,Netral
salim group masih join sponsors ikn ouch yah metland ouch,salim group still joining sponsors ikn ouch yah metland ouch,Netral,Netral
kemarin ajak ikn mikir mikir soal 5 jam jalan,yesterday i asked him to think about 5 hours of walking,Netral,Netral
ikn bakal sukses kalo nyoman nuarta dilibatin sama sekali,ikn will be successful if nyoman nuarta is involved at all,Positif,Netral
cek di ig nya ikn di share situ ampe loker loker di share,"check on ig, the icon is shared there until the locker is shared",Netral,Netral
jalan tol ikn tengah bangun begini tampak,this is how the ikn toll road is being built,Netral,Netral
ikn nusantara,archipelago fish,Netral,Netral
infrastruktur ikn,ikn infrastructure,Netral,Netral
infrastruktur ikn,ikn infrastructure,Netral,Netral
infrastruktur ikn,ikn infrastructure,Netral,Netral
infrastruktur ikn,ikn infrastructure,Netral,Netral
infrastruktur ikn,ikn infrastructure,Netral,Netral
infrastruktur ikn,ikn infrastructure,Netral,Netral
presiden minta menpan rb perinci skenario pindah asn ikn,the president asked the minister of administrative and bureaucratic reform to detail the scenario for moving asn ikn,Netral,Netral
hilon geotextile stabilisasi tanah jalan  sebar beban muka lebih rata tanah sebut topang beban baik,"hilon geotextile stabilizes road soil, spreads the surface load more evenly, so the soil has good load support",Positif,Netral
ibu kota nusantara,capital of the archipelago,Netral,Netral
jokowi luncur nusantara logistics hub and services pt pos indonesia ikn,jokowi launches nusantara logistics hub and services pt pos indonesia ikn,Netral,Netral
jokowi optimis upacara hut ke-79 ri selenggara iknk nusantara,jokowi is optimistic that the republic of indonesia's 79th anniversary ceremony will be held by iknk nusantara,Netral,Netral
inspirasi sorban bangun masjid negara ikn nusantara,inspiration for the turban to build the ikn archipelago state mosque,Netral,Netral
bangun masjid negara ikn mulai,ikn state mosque building begins,Netral,Netral
bangun memorial park ikn hormat pahlawan,build a memorial park to honor heroes,Netral,Netral
presiden memorial park hormat pahlawan diri bangsa,president's memorial park honors the nation's heroes,Netral,Netral
dampak signifikan ekonomi sosial lingkung,significant socio-economic impact on the environment,Positif,Netral
simbol toleransi moderasi agama bangun masjid negara mulai,"symbol of tolerance, religious moderation, building mosques, the country begins",Netral,Netral
presiden apresiasi bangun training center pssi ikn,president appreciates building pssi ikn training center,Negatif,Netral
saksi elo desain masjid negara ikn pesona sorban jadi sentuh elegan inspirasi   ,"witness your design of the state mosque, the charm of the turban has a touch of elegance, inspiration",Netral,Netral
desain masjid negara buat unik tema hijau rencana bangun keliling embung buat,design a unique state mosque with a green theme. plan to build around the embung,Positif,Netral
ibu kota nusantara ikn,capital of the indonesian archipelago,Netral,Netral
jokowi tilik bangun pusat latih pssi ikn 20 persen,jokowi oversees building pssi training center with 20 percent interest,Negatif,Netral
qatar pasti lolos 16 besar piala asia lihat peluang timnas indonesia,"qatar will definitely qualify for the last 16 of the asian cup, see the indonesian national team's chances",Netral,Netral
masyarakat dayak keren dukung ikn wahah baru indonesia,cool dayak community supports indonesia's new wahah fish,Positif,Netral
bangun ikn jamin sedia air bersih,wake up and guarantee that clean water is available,Positif,Netral
desember 2024 bandar udara ikn siap operasi,december 2024 ikn airport ready for operation,Positif,Netral
masyarakat suku dayak dukung ikn,dayak tribal community supports ikn,Netral,Netral
kalian suka mana jalan meliuk2 benang kusut jalan simetris ketupat,do you like where the streets twist around the tangled threads on a diamond symmetrical path?,Netral,Netral
apical mpm group chandra asri,apical mpm group chandra asri,Netral,Netral
menteri pupr minta bangun rtjm ikn selesai juni 2024,minister of public works and public housing asks for construction of rtjm ikn to be completed by june 2024,Netral,Netral
progres bangun ibu kota nusantara ikn,"progress in building the capital of the archipelago, ikn",Netral,Netral
bangun masjid negara ikn telan anggar rp940 miliar,building the state mosque cost idr 940 billion,Netral,Netral
komitmen tum ciptain bibit unggul sepak bola jamin sehat garuda muda no counter,tum's commitment to creating superior football seeds guarantees the health of young garuda no counter,Positif,Netral
presiden jokowi harap masjid negara ikn representasi majemuk indonesia,president jokowi hopes that the state mosque will be a diverse representation of indonesia,Netral,Netral
presiden jokowi groundbreaking bangun gedung kawasan kantor otorita ibu kota nusantara nila 509 miliar kawasan kantor oikn lengkap command center urban gallery,president jokowi groundbreaking builds building for indonesian capital authority office area nila 509 billion oikn office area complete with command center urban gallery,Netral,Netral
presiden jokowi groundbreaking jambuluwuk nusantara hotel ikn nila 300 miliar ini tambah jumlah hotel operasi ibu kota nusantara tambah sedia kamar hotel,"president jokowi groundbreaking jambuluwuk nusantara 300 billion nila fish hotel, increasing the number of hotels operating in the capital of the archipelago, adding hotel rooms",Netral,Netral
presiden jokowi groundbreaking memorial park ibu kota nusantara nila 361 miliar ingat semua jasa pahlawan telah juang wujud merdeka indonesia ,"president jokowi groundbreaking memorial park, capital of the archipelago, worth 361 billion, remembering all the services of the heroes who have fought for indonesia's independence",Positif,Netral
hilon geotextile produk serbaguna aplikasi proyek sipil teknik lingkung proyek bangun,hilon geotextile is a multi-purpose product for applications in civil engineering environmental engineering projects,Netral,Netral
fifa kait tc,tc hook fifa,Netral,Netral
presiden joko widodo tinjau kembang bangun training center pssi ibu kota negara nusantara ikn najam paser utara kalimantan timur,"president joko widodo inspects kembang wake up training center pssi, capital of the archipelago, ikn najam paser utara, east kalimantan",Negatif,Netral
presiden jokowi beri dorong besar proyek infrastruktur ikn groundbreaking tahap 4 tanda langkah maju hotel bintang gudang hijau kantor oikn investasi capai rp 1 1 triliun,president jokowi gives big push to ikn infrastructure project groundbreaking stage 4 signs of progress star hotel green warehouse oikn office investment reaches idr 1.1 trillion,Negatif,Netral
jokowi optimis upacara ke-79 hut ri gelar ikn,jokowi is optimistic that the 79th indonesian independence day ceremony will hold ikn,Netral,Netral
jokowi optimistis bisa upacara hut ke-79 indonesia ikn lengkap,jokowi is optimistic that indonesia's 79th anniversary ceremony will be complete,Positif,Netral
pindah ibu kota nusantara bawa ubah positif indonesia,moving to the capital of the archipelago brings positive changes to indonesia,Positif,Netral
hotel bintang lima besut jambuluwuk ikn mulai bangun lt,five-star hotel built by jambuluwuk ikn starts building 1st floor,Netral,Netral
bangun memorial park ikn bentuk hormat pahlawan,build a memorial park as a form of respect for heroes,Netral,Netral
presiden joko widodo jokowi laksana groundbreaking leta batu pertama nusantara warehouse park nwp ibu kota nusantara ikn rabu 17 01 2024 lt,president joko widodo jokowi holds the groundbreaking ceremony for the first stone of the archipelago warehouse park nwp capital city of the archipelago ikn wednesday 17 01 2024 lt,Positif,Netral
jokowi resmi masjid negara ikn mampu tampung 61 ribu jamaah,jokowi's official ikn state mosque can accommodate 61 thousand worshipers,Netral,Netral
komitmen perintah tingkat bangun infrastruktur papua,command level commitment to build papuan infrastructure,Netral,Netral
presiden jokowi optimis upacara hut ke-79 ri gelar ikn,president jokowi is optimistic that ri's 79th anniversary ceremony will hold the ikn,Netral,Netral
biaya rp991 miliar masjid negara kawasan ibu kota nusantara ikn target rampung desember 2024 groundbreaking tanda mula konstruksi rabu 17 januari 2024,"cost rp. 991 billion, state mosque in the archipelago capital region, target for completion in december 2024, groundbreaking, construction start wednesday, january 17, 2024",Netral,Netral
presiden joko widodo laku groundbreaking bangun masjid negara ibu kota negara nusantara kalimantan timur kapasitas rumah ibadah capai 61 ribu,"president joko widodo carries out groundbreaking to build national mosque, capital of the archipelago, east kalimantan, capacity of houses of worship reaches 61 thousand",Netral,Netral
presiden jokowi groundbreaking bangun masjid pertama ikn,president jokowi groundbreaking to build ikn's first mosque,Positif,Netral
kepala negara sampai perintah akan bangun gereja wihara pura klenteng samping masjid negara download play store amp app store,the head of state received the order to build a temple temple temple church next to the state mosque. download play store & app store,Netral,Netral
bangun masjid negara kerja lama 400 hari kerja nilai bangun capai rp940 miliar,"building the state mosque took 400 working days, the construction value reached idr 940 billion",Netral,Netral
presiden joko widodo jokowi laku groundbreaking bangun masjid negara ibu kota negara ikn nusantara kalimantan timur kapasitas rumah ibadah capai 61 ribu,"president joko widodo jokowi carries out groundbreaking to build national mosque, capital of the country, ikn archipelago, east kalimantan, capacity of houses of worship reaches 61 thousand",Netral,Netral
presiden joko widodo laku groundbreaking bangun masjid negara ibu kota negara nusantara kalimantan timur kapasitas rumah ibadah capai 61 ribu,"president joko widodo carries out groundbreaking to build national mosque, capital of the archipelago, east kalimantan, capacity of houses of worship reaches 61 thousand",Netral,Netral
jokowi groundbreaking masjid negara ikn nilai konstruksi capai rp 940 miliar,"jokowi groundbreaking of the ikn state mosque, construction value reached idr 940 billion",Netral,Netral
badan otorita ibu kota nusantara oikn catat realisasi investasi ikn capai rp 41 4 triliun tahun 2023 jumlah meleset target tetap presiden joko widodo besar rp 45 triliun periode sama lt,"indonesian capital authority body oikn notes that realization of ikn investment will reach idr 41.4 trillion in 2023, the amount missed by president joko widodo's fixed target is idr 45 trillion for the same period lt",Positif,Netral
presiden joko widodo jokowi resmi mulai bangun masjid negara ibu kota nusantara ikn rabu 17 01 2024 lt,"president joko widodo jokowi officially starts building the national mosque in the capital of the archipelago, wednesday 17 01 2024 lt",Netral,Netral
presiden joko widodo kata masjid perintah akan bangun tempat ibadah di kawasan ibu kota nusantara ikn najam paser utara kalimantan timur lt,"president joko widodo said that the mosque order will build a place of worship in the archipelago's capital area, ikn najam paser utara, east kalimantan, lt",Netral,Netral
7  dapat kalian kait 8 prinsip milik ikn yuk kawal bangun ikn terap prinsip sebut ,"you can relate to 7 principles of ikn, let's take care of building ikn, apply these principles",Netral,Netral
masjid negara ikn mulai bangun nilai konstruksi rp 940 miliar lt,"ikn state mosque begins construction, construction value rp. 940 billion lt",Netral,Netral
presiden joko widodo laku groundbreaking bangun masjid negara ibu kota negara nusantara kalimantan timur kapasitas rumah ibadah capai 61 ribu,"president joko widodo carries out groundbreaking to build national mosque, capital of the archipelago, east kalimantan, capacity of houses of worship reaches 61 thousand",Netral,Netral
pasti hut ri ke-79 selenggara ikn nusantara,certainly the 79th anniversary of ikn nusantara will be held,Positif,Netral
komitmen perintah terus lanjut bangun ikn nusantara,the command's commitment to continue building the indonesian archipelago,Netral,Netral
bangun plts atas lahan 100 ha kawasan ikn nusantara,build plts on 100 ha of land in the archipelago fish area,Netral,Netral
proyek bangun ikn nusantara mampu serap 30 kerja lokal,the indonesian ikn building project is capable of absorbing 30 local jobs,Positif,Netral
presiden joko widodo jokowi resmi mulai bangun nusantara logistic hub ibu kota nusantara ikn itu tanda langsung seremonial groundbreaking nusantara logistic hub rabu 17 01 2024 lt,"president joko widodo jokowi has officially started building the nusantara logistics hub, the capital of the archipelago. ikn is a direct sign of the ceremonial groundbreaking of the nusantara logistics hub wednesday 17 01 2024 lt",Positif,Netral
lapor sebut presiden jokowi laku kunjung kerja ke ikn laku jumlah groundbreaking,reports say president jokowi is visiting work at ikn for groundbreaking,Netral,Netral
hut indonesia 2024 rencana selenggara di ikn,indonesia's 2024 anniversary is planned to be held at ikn,Netral,Netral
giur buat kacang lupa kulit nya,tempting for peanuts to forget the skin,Netral,Netral
hari jokowi groundbreaking 10 proyek ikn nusantara masjid negara kapasitas 1 juta jemaah lewat,jokowi's day of groundbreaking of 10 indonesian national mosque projects with a capacity of 1 million worshipers passed,Netral,Netral
alas amat saran perintah tunda proyek kereta ikn nusantara fokus infrastruktur dasar lewat,"alas, the suggestion is to postpone the indonesian ikn train project to focus on basic infrastructure",Negatif,Netral
suara,voice,Netral,Netral
oikn ungkap brunei malaysia bantu ri garap ikn,oikn says brunei malaysia is helping ri to work on ikn,Netral,Netral
alas amat saran perintah tunda proyek kereta ikn nusantara fokus infrastruktur dasar lewat,"alas, the suggestion is to postpone the indonesian ikn train project to focus on basic infrastructure",Negatif,Netral
tanggap gus imin soal potong tumpeng ikn source youtube muhaimin iskandar date 7 januari 2024,gus imin's response about cutting tumpeng ikn source youtube muhaimin iskandar date 7 january 2024,Negatif,Netral
otorita ibu kota nusantara oikn target 28 proyek gedung huni ikn rampung bangun dapat fungsional juni 2024 28 proyek sebut diri 17 proyek dana apbn 11 proyek dana non-apbn lt,indonesian capital authority oikn targets 28 ikn residential building projects to be completed and functional by june 2024 28 projects to call themselves 17 apbn funding projects 11 non-apbn lt funding projects,Netral,Netral
komitmen bangun,commitment to build,Netral,Netral
hemmm vex buddies kira kira kalian mendevelop pake c jg g ,"hmmm, vex buddies, i think you guys are developing using c and g",Netral,Netral
listrik gas target mulai operasi nusantara agustus 2024,gas electricity target to start operating in the archipelago in august 2024,Netral,Netral
proyek ikn kalimantan timur dominasi usaha pusat usaha lokal harap partisipasi proyek utama selesai,"the east kalimantan ikn project dominates the local business center, hopes that the main project participation will be completed",Positif,Netral
main plaza seremoni,main ceremonial plaza,Positif,Netral
jokowi kunjung brunei darussalam indonesia cuan rp 7 triliun investasi ikn lt,"jokowi visits brunei darussalam, indonesia makes idr 7 trillion investment in ikn lt",Netral,Netral
kereta api rel made in china bakal aspal ikn tak aral lintang baca lengkap  ikn,"railways made in china will be paved with ikn, read the complete ikn",Positif,Netral
kawasan ikn banyak 75 kawasan hijau lestari alam,ikn area has many 75 naturally sustainable green areas,Positif,Netral
program hijau ikn nusantara bas lingkung,indonesian ikn green program bas lingkung,Negatif,Netral
janji pak basuki soal kualitas jalan tol ikn nusantara,pak basuki's promise regarding the quality of the ikn archipelago toll road,Netral,Netral
aja jokowi usaha vietnam investasi ikn nusantara,"just jokowi, vietnam's indonesian fish investment business",Netral,Netral
kolaborasi usaha vietnam investasi ikn nusantara,vietnamese business collaboration for indonesian fish investment,Netral,Netral
pks menang ibukota tetap jakarta,"pks wins, the capital remains jakarta",Positif,Netral
pks menang ibukota tetap jakarta,"pks wins, the capital remains jakarta",Positif,Netral
hallo-hallo  vex buddies gmna tuju g sama statement atas,"hello-hallo vex buddies, how do you go to the same statement above",Netral,Netral
usaha vietnam investasi,vietnam investment business,Netral,Netral
      capres cawapres ri 2024 kunjung ikn ibu kota nusantara ,ri 2024 presidential and vice presidential candidates visit the capital of the archipelago,Netral,Netral
brunei investasi ikn,brunei investment ikn,Netral,Netral
last in kalimantan,last in kalimantan,Netral,Netral
upaya perintah wujud bangun papua tepat sasar,papua's wake-up command's efforts are right on target,Positif,Netral
warga tak kebun lahan masuk bandara vvip ikn nusantara tak jelas ganti lewat,residents who don't grow land enter the vvip ikn nusantara airport and don't change through,Netral,Netral
fakta kena bangun ikn nusantara,facts about the indonesian archipelago,Netral,Netral
beberapa sumber anggar bangun ikn nusantara,several fencing sources build indonesian archipelago,Netral,Netral
proyek ikn nusantara tawar para investor,indonesian fish project bid by investors,Netral,Netral
fakta bangun ikn nusantara,facts about the rise of the indonesian archipelago,Netral,Netral
daya tarik wisata ada sekitar kawasan ikn nusantara,there are tourist attractions around the ikn archipelago area,Netral,Netral
makanya hindar gin jadi repkiplik,that's why avoid gin becoming a replica,Positif,Netral
hari banyak banget postingan soal ikn lewat fyp tiktok jadi pikir klau 01 menang gimana nasib ikn klau salah 01 kan mau buat 40 kota jakarta ikn bengkalai,today there are lots of posts about ikn via fyp tiktok so i think if 01 wins what will happen to ikn if it's wrong 01 wants to create 40 abandoned ikn cities,Netral,Netral
jangan lewat ya,don't pass by okay?,Positif,Netral
kerja sama bangun pertamina ikn,collaboration to build pertamina ikn,Netral,Netral
negeri piatu bayang ibu kota baru ibu negara,an orphan country in the shadow of the new capital of the country,Positif,Netral
mantap air keran ikn langsung minum,"the tap water is great, the fish can drink it straight away",Positif,Netral
target akan canang bangun ikn nusantara,the target will be to build the indonesian archipelago,Netral,Netral
investor malaysia turut tanam modal bangun ikn nusantara,malaysian investors are also investing capital to build indonesian fisheries,Netral,Netral
investor beri mudah bangun ikn nusantara,investors make it easy to build the indonesian archipelago,Positif,Netral
6 domain akan gandeng bangun ikn nusantara,6 domains will work together to build the indonesian archipelago,Netral,Netral
anies banding anggar buat rel kereta api pontianak-samarinda lebih kecil ikn nusantara lewat,anies appeals fencing to make the pontianak-samarinda railway track smaller and the indonesian archipelago passes,Netral,Netral
dewan timbang timnas amin bangun 40 kota tara jakarta tak bakal posisi ikn jadi hambalang 2,"amin's national team weighing board builds 40 tara cities, jakarta will not be in the position of ikn being a hindrance 2",Netral,Netral
universitas nama amerika serikat as northern illinois university niu rencana bangun kampus pascasarjana ibu kota nusantara ikn lt,university names of the united states us northern illinois university niu plans to build postgraduate campus capital of the archipelago ikn lt,Netral,Netral
ketua hubung komisi yudisial republik indonesia wilayah papua dukung amp sukses nusantara,chairman of the judicial commission of the republic of indonesia for the papua region supports the success of the archipelago,Positif,Netral
badan bank tanah dukung cepat bangun bandara vvip,land bank agency supports quick construction of vvip airport,Positif,Netral
anies banding anggar buat rel kereta api pontianak-samarinda lebih kecil ikn nusantara lewat,anies appeals fencing to make the pontianak-samarinda railway track smaller and the indonesian archipelago passes,Netral,Netral
proyek ikn nusantara dukung transformasi ekonomi indonesia arah digitalisasi,the indonesian ikn project supports indonesia's economic transformation towards digitalization,Positif,Netral
anies baswedan bakal evaluasi ikn bila menang pilpres 2024 anies anggar ikn alokasi butuh utama hidup masyarakat,anies baswedan will evaluate ikn if he wins 2024 presidential election,Positif,Netral
hemmm vex buddies gmna kalo ikn jadi beneran jadi indonesia alami transisi teknology ,"hemmm, vex buddies, what happens if fish actually become indonesians experiencing a technological transition?",Netral,Netral
enam domain kota cerdas usung bangun,six smart city domains are being built,Positif,Netral
siap perintah mulai pindah ribu pns ikn mulai juli 2024,ready for orders to start moving thousands of civil servants to ikn starting july 2024,Positif,Netral
investasi ikn panjang 2023,long-term investment in 2023,Netral,Netral
kerja sama ikn pertamina wujud net zero emissions 2045,pertamina's fisheries collaboration will achieve net zero emissions by 2045,Netral,Netral
proyek pihak swasta groundbreaking ikn panjang 2023,ikn panjang groundbreaking private sector project 2023,Netral,Netral
fase asn akan pindah ikn nusantara,the asn phase will move to the archipelago,Netral,Netral
investor malaysia peluang besar ikut tanam modal,malaysian investors have a great opportunity to invest,Positif,Netral
air keran bisa langsung minum juli 2024,tap water can be drunk directly in july 2024,Negatif,Netral
otorita ikn northern illinois university niu bahas kolaborasi sedia didik internasional nusantara lisa c freeman niu nyata ingin jadi bagi bangun nusantara,northern illinois university niu ikn authority discusses collaboration to provide international education for the archipelago lisa c freeman niu really wants to be a part of building the archipelago,Positif,Netral
tuju pindah ikn nusantara,go to move to indonesia,Netral,Netral
demi mulai lihat wajah baru ikn,to start seeing ikn's new face,Positif,Netral
perintah terus konsisten bangun ikn,orders continue to be consistent to build ikn,Positif,Netral
series pucuk surat republik tiongkok nusantara mulai x 12 januari 2024,republic of china archipelago letter shoot series starting x january 12 2024,Netral,Netral
di ikn sanap tengab,in ikn sanap tengab,Netral,Netral
alas urgensi pindah ikn nusantara perata bangun,due to the urgency of moving to ikn nusantara perata wake,Negatif,Netral
optimis capai pindah ibu kota negara tahun 2024,optimistic about moving to the country's capital in 2024,Netral,Netral
upaya perintah kuat tani ikn nusantara,strong command efforts of indonesian fish farmers,Positif,Netral
2 penasaran sih saja tahap bangun ikn 20 tahun datang simak lengkap infografik ikut yuk,"2 i'm just curious about the stages of building a 20-year-old ikn, let's take a look at the complete infographic",Netral,Netral
ibu kota nusantara langkah strategis kembang indonesia masa depan,"capital city of the archipelago, a strategic step for indonesia's future development",Netral,Netral
siap upacara 17 agustus ikn nusantara mulai bahas paskibra bentuk maret lewat,"ready for the ceremony on august 17, ikn nusantara started discussing the paskibra form last march",Positif,Netral
permen rasa coklat tambah stamina layan indonesia bayar anies penasaran,chocolate flavored candy increases stamina serve indonesia pays anies curious,Negatif,Netral
barakallah,barakallah,Netral,Netral
menteri sekretariat negara kemensetneg mulai siap upacara ingat hari ulang tahun hut ri ke-79 ibu kota nusantara selasa 9 1 2024 lt,"minister of state secretariat ministry of state secretariat begins preparing for ceremony to commemorate the 79th anniversary of the indonesian capital, tuesday 9 1 2024 lt",Netral,Netral
dia urgensi pindah,he urgently moved,Netral,Netral
model transportasi kerenn,cool transportation model,Positif,Netral
kerenn surat minat investasi capai 328 komitmen,cool investment interest letter reached 328 commitments,Positif,Netral
siap upacara 17 agustus ikn nusantara mulai bahas paskibra bentuk maret lewat,"ready for the ceremony on august 17, ikn nusantara started discussing the paskibra form last march",Positif,Netral
bangun ibu kota negara baru modern lanjut,build the capital of a new modern country,Positif,Netral
wujud ikn majemuk harmonis sesuai identitas bangsa indonesia sesuai uu ikn no 3 tahun 2022,the form of a harmonious compound ikn in accordance with the identity of the indonesian nation in accordance with ikn law no. 3 of 2022,Netral,Netral
istana bahas siap upacara merdeka 17 agustus 2024 ikn,palace discusses readiness for independence ceremony 17 august 2024 ikn,Netral,Netral
siap sdm mumpuni lewat program integrasi pantau selalu kembang kini ibukota nusantara,"ready qualified human resources through the integration program, always monitoring current developments in the capital of the archipelago",Positif,Netral
larang kendara pribadi masuk kipp ikn dukung konsep green city,banning private vehicles from entering kipp ikn supports the green city concept,Negatif,Netral
investasi siap jajal ikn nusantara,investment ready to try indonesian fish,Positif,Netral
menteri atr bpn selesai teknis detail tata ruang kota negara ikn nusantara,bpn's minister of administrative and bureaucratic affairs has completed the detailed technical planning of the ikn archipelago city layout,Positif,Netral
10 konglomerat siap investasi ikn nusantara,10 conglomerates ready to invest in indonesian fish,Positif,Netral
pandang cak imin soal ikn simbol perata source youtube muhaimin iskandar date 3 januari 2024,cak imin's perspective on ikn leveling symbols source youtube muhaimin iskandar date 3 january 2024,Netral,Netral
presiden joko widodo laku ground breaking proyek strategis ibu kota nusantara masuk hotel bintang botanical garden gedung perintah proyeksi investasi rp 100 triliun,"president joko widodo conducts ground breaking strategic project for indonesian capital enters star hotel, botanical garden, building orders investment projection idr 100 trillion",Netral,Netral
pengin debat pak kena nusantara diskriminatif,"i want to debate, sir, that the indonesian archipelago is discriminatory",Netral,Netral
pengin debat pak kena nusantara diskriminatif,"i want to debate, sir, that the indonesian archipelago is discriminatory",Netral,Netral
pengin debat pak kena diskriminatif,"if you want to debate, sir, you will be discriminated against",Netral,Netral
motor lintas jembatan hampir ambruk daerah kalimantan  tiktok wulan waweyni,"the motorbike crossing the bridge almost collapsed in the kalimantan area, tiktok wulan waweyni",Netral,Netral
pulau reklamasi amat nilai anies tetap bakal lanjut proyek ikn lewat,"the reclamation island is very valuable, anies will continue the ikn project through",Positif,Netral
ikn mulai lihat wujud,the fish is starting to take shape,Netral,Netral
bangun terus tunjuk progres positif awal tahun 2024,wake up and continue to show positive progress in early 2024,Positif,Netral
proyek bangun nusantara,archipelago building project,Netral,Netral
ikn nusantara saat masih rupa proyek tarik investor,ikn nusantara is still a project that attracts investors,Netral,Netral
