tokenized_and_stemmed,tweet_english,klasifikasi
menteri kerja umum rumah rakyat pupr bangun memorial park ibu kota nusantara ikn kalimantan timur bangun memorial park guna hormat jasa pahlawan bangsa nana mirdad bahrain bal bank mandiri yessica tamara,"minister of public works public house pupr builds memorial park, capital of the archipelago, ikn east kalimantan builds memorial park to honor the services of national hero nana mirdad bahrain bal bank mandiri yessica tamara",Netral
pernah patung allah jangan ngarang nabi kami boleh gambar buat patung mikir,"never make a statue of god, don't make up a prophet, we can draw a statue to think",Netral
bilang jangan ngarang,said don't make it up,Netral
airlangga hartarto ungkap kampanye akhir partai golkar bakal gelar ikn,airlangga hartarto said that the golkar party's final campaign would hold the ikn title,Netral
yunani punya selera,greece has taste,Netral
sama2 satu tuju cuan ikn ,both have one goal of earning money,Netral
ntar,hang on,Netral
pernah,once,Netral
diantos meh apal ikn hehe,diantos meh apa likn hehe,Netral
mama anak anak,mother of children,Netral
komitmen pak ganjar terus ikn,mr gangar's commitment continues,Netral
pak ganjar komitmen lanjut bangun ikn,"sir, reward your commitment to continue building ikn",Netral
untuk ikn dana alutsista,for defense equipment funds,Netral
uji coba mobil terbang 2024 ikn nusantara,2024 ikn nusantara flying car trial,Netral
ishalla ikn meri,ishalla ikn meri,Netral
prabowo cinta rakyat kampanye banjarbaru prabowo klaim warga pulau kalimantan dukung ikn kalimantan selatan,prabowo loves the people of the banjarbaru campaign. prabowo claims that the residents of the island of kalimantan support the south kalimantan fishery,Netral
pantesan ngebet ampe keluar partai punya proyek di ikn ,it's no wonder you're being pushed around until you leave the party to have a project at ikn,Netral
temu tarik basis ppp mana koalisi pdip dukung ganjar justru lebih pilih prabowo anies mayoritas duduk kalimantan pilih prabowo nampaknya sangat ikn tetap lanjut anies tawar alternatif lain,"the ppp basis of the meeting is that the pdp coalition supports ganjar, but actually prefers prabowo.",Netral
tonton podcast kemal palevi sama sammy notaslimboy bg buat jawab ikn,watch kemal palevi and sammy notaslimboy's podcast to answer ikn,Netral
ikn novo dorflex max na pain,ikn novo dorflex max na pain,Netral
kabinet rasa timses pak lurah jg cm ngurusi ikn pilpres indonesia dlm kondisi auto pilot,the village head's timses cabinet also looks after the indonesian presidential election in auto pilot condition,Netral
satu periode bangun 5 ikn,one wake period 5 ikn,Netral
gua tau berapa besar influence gilang so please not the ikn,i know how big gilang's influence is so please not the ikn,Netral
bawa deh isu ham mk apa but not the ikn not our ikn,"bring up the issue of whether or not human rights are the issue, but not the ikn, not our ikn",Netral
otorita ikn revitalisasi 5 sekolah ikn nusantara,ikn authority revitalizes 5 indonesian ikn schools,Netral
capres nya di aku,the presidential candidate is me,Netral
ikn nusantara jadi tuju investasi dunia,indonesian fish has become a global investment destination,Netral
hidmat tuhan ikn,god's wisdom ikn,Netral
ga ikn,no way,Netral
pak bas engga mau bawa aku ikn ya ,mr bas doesn't want to bring me fish,Netral
ubah apa orang ganjar bakal nerusin ikn,change what people are rewarded for and will continue to do it,Netral
awokwokwok kabar ikn,awokwokwok news ikn,Netral
ohh investor ikn ya,"oh, investors, yes",Netral
bangun ikn prabowo klaim dukung penuh suku dayak,wake up ikn prabowo claims to fully support the dayak tribe,Netral
min gimana nanggepin temen gue pikir lanjutin ikn banding bangun 40 sudah kembang jadi maju,"min, how do i respond to my friend? i think i'm going to continue with the appeal of waking up to 40, so i'm progressing",Netral
pak ganjar komitmen ikn,sir rewards ikn's commitment,Netral
fbr dukung lanjut ikn lewat ganjar-mahfud md,fbr continues to support ikn via ganjar-mahfud md,Netral
institut kraf negara lalu jurus seni kraf logam hari telah ada demontrasi tukang pamer cucuk sanggul anjur ajar tahun 3 fakulti urus seni budaya waris aswara,the state crafts institute and metal crafts art style today there was a demonstration of the 3rd year teacher's chignon showman showing off the faculty of arts and culture heir aswara,Netral
groundbreaking ikn  presiden jokowidodo groundbreakin jambuluw via,groundbreaking ikn president jokowidodo groundbreaking jamuluw via,Netral
anies ngomong stop ikn cuma d tinjau ulang bantu jelasin juga dengan uu ikn d buat malam ada diskusi investasi kota bom jadi lebih berat dri investasi kota udah karena akan mulai 0,anies said stop ikn just review it and help explain also with the ikn law for the evening there will be a discussion on bomb city investment so it will be heavier than city investment already because it will start 0,Netral
iya mas ruu yang udah2 kan ruu di sahkan saja tempo singkat singkat nya kalo yang punya butuh desak contoh ikn,"yes sir, the bills that have already been passed will only be passed in a short time, if those who have them need to press for examples of ikn",Netral
agustinus selaku panglima jilah rupa pimpin pasu merah tbbr kata dukung beri prabowo lantar paslon nomor urut 2 sebut komitmen lanjut program jokowi khusus bangun ibu kota negara ikn nusantara,"agustinus, as the commander of jilah rupa, leads the red pasu tbbr, says he supports prabowo, as candidate pair number 2 says he is committed to continuing jokowi's program specifically to build the nation's capital, ikn archipelago.",Netral
anjing ikn nangor najis banget mau kamu taro,the fish dog is so unclean that you want to put it away,Netral
cumil maiii,cumil maiii,Netral
ikn kak ,ikn sis,Netral
pdhl pak ganjar komitmen lanjut ikn,even though sir rewarded my commitment to continue,Netral
lahh pak ganjar masih komitmen lanjut ikn,"well, mr gangar is still committed to continuing",Netral
up kan masalah kait konsep ikn pak,"up, there's a problem with the concept of ikn, sir",Netral
parrah udah ajak diskusi perihal ikn sesuai tuju perata ujung2nya selalu balikin anies tuh belakang habib2 ,"parrah has invited me to discuss fish according to the aim of the flatter, in the end he always returns anies to habib2",Netral
teman dukung ikn dari tiga paslon 01 prioritas ikn cemas bangun ikn batal walaupun udh ada uunya counternya gimana,"friends, support ikn from three candidate pairs 01, ikn's priorities are worried about getting up, ikn will be canceled even though there is already a counter law, what about it?",Netral
prabowo cinta rakyat prabowo klaim warga pulau kalimantan dukung ikn kalimantan selatan,prabowo loves the people. prabowo claims that the residents of the island of kalimantan support the south kalimantan fishery,Netral
minyak ikn,fish oil,Netral
waktu istirahat,time off,Netral
seperti sama kurir,just like the courier,Netral
iyaaaaaaaaaa kmi mbtan projo sadar sadar sadar kpoook milih jokowi program ikn ikn ikn ikn ikn siang mlm rakyat bengkalai,yes,Netral
ntar,hang on,Netral
pada bikin ikn,when making fish,Netral
dukung bangun ikn nusantara,support the development of the archipelago's fisheries,Netral
dukung bangun ikn nusantara,support the development of the archipelago's fisheries,Netral
dukung bangun ikn nusantara,support the development of the archipelago's fisheries,Netral
5 anies stop ikn padahal udh invest d situ 6 anies stop hilir 7 ada perlu ubah skrg jdi ngapain canang ubah 8 suka 01 d dukung pks yang notabene partai islam konservatif,5 anies stops ikn even though he has already invested there 6 anies stops downstream 7 there is a need to change now so why do you want to change 8 likes 01 d supports pks which is actually a conservative islamic party,Netral
ayo sama dukung ikn nusantara jaya bangsa negara,"come on, let's support the nation's glorious archipelago",Netral
ayo sama dukung ikn nusantara jaya bangsa negara,"come on, let's support the nation's glorious archipelago",Netral
ayo sama dukung ikn nusantara jaya bangsa negara,"come on, let's support the nation's glorious archipelago",Netral
ayo sama dukung ikn nusantara jaya bangsa negara,"come on, let's support the nation's glorious archipelago",Netral
ayo sama dukung ikn nusantara jaya bangsa negara,"come on, let's support the nation's glorious archipelago",Netral
istana presiden udah pindah ikn awokwokwok,the presidential palace has moved ikn awokwokwok,Netral
elah metland punya ciputra proyek ciputra ikn gede sok sok an aee,"yes, metland has a ciputra project, the ciputra ikn is big and pretends to be an aee",Netral
oo buka cabang ikn,oo open an ikn branch,Netral
pak anies tuju proyek ikn silah simak,"mr. anies aims for the ikn project, please take a look",Netral
ikn china,chinese fish,Netral
mau ikn,i want to fish,Netral
gin nyari duit buat bangun ikn ya,i'm looking for money to build a fish,Netral
ijin masuk masalah amdal ikn soal ijin amdal di program bukan diri ikn nya jgn ikn nya bangun amdal nya susul malah rusak ekosistem depan nya,"permission to enter the ikn amdal problem regarding the amdal permit in the program, not the ikn itself, don't let the ikn build an amdal one after another, it will damage the ecosystem in front of it.",Netral
hikmat opone sing kowe entok hikmat proyek ikn dul,hikmat opone sing kowe entok hikmat ikn dul project,Netral
mau ikn nunggu lolos cpns tahun,i want to wait to pass the cpns year,Netral
program jelas makan minum susu gratis terus ikn gombal,the clear program of eating and drinking free milk continues to be cheesy,Netral
kalo ikn stop sih aku ikut tuju,"if it stops, i'll go too",Netral
-rek kantor temenku cec butuh 1 inspektor arsitek 2 operator bim yang ngisi formasi ndak tempat ikn syarat arsitek minimal lulus 3 tahun kalau bim minimal lulus 2 tahun kirim ijazah ktp npwp cv,"- my friend cec's office needs 1 architect inspector, 2 bim operators who fill out the form, there's no place for an architect, the requirement is for an architect to have a minimum of 3 years of graduation, if for bim, a minimum of 2 years of graduation, send a diploma, ktp, npwp, cv.",Netral
anies usung tema ubah dan kaji ulang bangun ikn jdinya si ono rasa ancam,anies brought up the theme of changing and reviewing the building so that ono felt threatened,Netral
ikn tang,ikn tang,Netral
kristen agama bikin orang yunani,christian religion made the greeks,Netral
ikn unfaeda dapat faedah prabowo sama hasyim punya proyek besar ikn,ikn unfaeda can benefit from prabowo and hasyim having a big ikn project,Netral
tanda2 kiamat,signs of the end,Netral
dapet proyek ikn bilang hikmat tuhan perkara duniawi tuhan slalu bawa,"got the project, said god's wisdom in worldly matters, god always brings it",Netral
proyek bangun ikn nusantara serap tenaga kerja,indonesia's ikn building project absorbs workers,Netral
sama ganjar mahfud,same as mahfud's reward,Netral
bangun dinasti sekali istana ikn keluarga apa laku keji cundang rampok perkosa demokrasi,"build a dynasty once a palace and a family, what abominable behavior, cheating, robbing, raping democracy",Netral
ikn ibu kota nippon,the capital of nippon,Netral
0 bro,0 bro,Netral
0 bro,0 bro,Netral
tidak sepi ikn,it's not quiet,Netral
pak ganjar terus komitmen tetap jalan ikn ubah apa,"mr ganjar, keep your commitment and keep going, what will you change?",Netral
kcic ikn pajak motor bensin pajak bumi bangun naik ,kcic ikn motorbike petrol tax land and property tax increases,Netral
yang bahas sih soal akan hilang paru dunia ikn rampung bangun ngeri sudah lanjur,the discussion about the world's lungs will disappear and the horror is over,Netral
culik ikn aja,just kidnap the fish,Netral
pasu merah dayak kalimantan sama prabowo-gibran sinergi mantan panglima kostrad dg panglima pasu merah prabowo-gibran antar pasu merah tuju istana keprisidenan ikn waktu panglima jaga indonesia jaga daulat nkri,"pasu merah dayak kalimantan with prabowo-gibran synergy between former kostrad commander and pasu merah commander prabowo-gibran between pasu merah heading to the presidential palace, ikn, when the commander in chief of indonesia guards the sovereignty of the republic of indonesia",Netral
bangun infrastruktur ikn makin kebut,building fish infrastructure is getting faster and faster,Netral
dukung perintah bangun infrastruktur ikn,support orders to build ikn infrastructure,Netral
gibran sandera ikn lahan prabowo food estate politis demokrat justru serang balik,gibran hostage ikn tanah prabowo food estate democratic politics actually attacked back,Netral
ikn ambon,ambon fish,Netral
cuit tidak milik relevansi bangun ikn,the tweet does not belong to ikn's wake relevance,Netral
someone said pentil kubah ikn,someone said ikn dome valve,Netral
ada nemenin kalo kamu jadi pindah ikn,i'll accompany you if you move,Netral
ke-kenapa ikn,wh-why ikn,Netral
semua karna bangun ikn butuh duit besar kalo bukan pajak yah solusi,"all because building a fish requires a lot of money, if not taxes, that's the solution",Netral
basuki jalan tol ikn tahap 1 selesai juli 2024,basuki ikn toll road phase 1 will be completed in july 2024,Netral
ikea ikn,ikea ikn,Netral
kan tanah buat adik kerjasama sama israel makanya ngebet jadi presiden tanah ikn asai israel,"the land for my brother is in collaboration with israel, that's why i want to become president of tanah ikn asai israel",Netral
i can t believe he has the audacity to say ikn kan bangun perata ,i can't believe he has the audacity to say it's a build leveler,Netral
yahh enggak tidak sempat buat ngumpet ikn di daerah mah nonton aja,"well, i don't have time to catch fish in the area, i just watch it",Netral
satu satu gue kurang tuju tolak 01 ikn,"one by one, i'm not aiming enough to reject 01 ikn",Netral
ganjar kamu komitmen bangun ikn,reward your commitment to building ikn,Netral
nyari ikn gan,"look for fish, bro",Netral
didik lah rumah gusur jadi ikn,educate demolished houses to become fish,Netral
pak ganjar masih komitmen terus ikn,mr ganjar is still committed to continuing,Netral
neh bajer gedibal babi ikn,neh bajer gedibal pork fish,Netral
kabar ikn,news,Netral
kalo ganjar sama kan bakal nerusin ikn,"if you get the same reward, you'll continue to fish",Netral
gw bukan buzzer yak cek twit gue x buka chance pindah paslon tapi soal ikn sll wanti wanti sjak awal ikn tetep jalan siapa pilih bila bkn 02 akan pakai alsan krna sdah lanjur ttd bla bla g ajar kasus reklamasi ,"i'm not a buzzer, check my tweets",Netral
nyata lemhanas udah bikin kaji buat tahan ikn,"in fact, lemhanas has already carried out a study on fish resistance",Netral
berak kebon  kalau dukung konservasi lahan 500 hektar kagak diserahin dijadiin proyek ikn,"if it supports the conservation of 500 hectares of land, it cannot be turned over to become an fishery project",Netral
proyek bangun ikn nusantara serap 9 976 tenaga kerja 30 antara kerja lokal,"the archipelago fish development project absorbs 9,976 workers, 30 of which are local workers",Netral
ikn kasus jadi mirip reklamasi pantura jakarta banten,this case is similar to the reclamation of the jakarta banten coast,Netral
bangun memorial park ikn resmi anggar capai 361 miliar rupiah,building the official ikn memorial park costs 361 billion rupiah,Netral
jangan bawa2 nama tuhan fakta bang ara masuk tim konsorsium ikn lho kan kasihan tuhan jadi kambing hitam,"don't bring up god's name, the fact that bang ara entered the ikn consortium team, you know, it's a shame for god to be a scapegoat",Netral
mass transit proper sampe plosok  ikn ,mass transit proper until plosok ikn,Netral
ketemu prabowo panglima jilah titip pesan soal ikn menteri,"met with prabowo, panglima jilah, entrusted a message regarding the ministerial candidate",Netral
badan otorita ikn umum daftar menang kompetisi karya jurnalis ikn,public fish authority body lists winners of competition for works by fish journalists,Netral
ikn salah satu nawacita pdip,ikn is one of the pdp nawacita,Netral
mulai sikap tolak pindah ikn tolak naik pajak motor revisi uu ite baru timbang minta,"starting from a stance of refusing to move, to refusing to increase the revised motorbike tax law, then consider asking",Netral
memorial park ikn hormat pahlawan diri bangsa,the memorial park honors the nation's heroes,Netral
istana presiden ikn fungsi mulai juni 2024,ikn presidential palace functions from june 2024,Netral
wujud indonesia sentris bangun ikn,indonesia-centric form of building ikn,Netral
bangun ikn nusantara melindugi lestari hutan,build the archipelago's fisheries to protect sustainable forests,Netral
ikn lindung kawasan hutan satwa,protected fish and animal forest areas,Netral
solusi affordable housing tengah kota public housing model singapore upgrade metropolitan upgrade 40 kota amin alih alih ikn,"affordable housing solutions in the middle of the city, public housing model, singapore upgrade, metropolitan upgrade, 40 cities, amen, ikn transfer",Netral
tahap satu bangun jalan tol ikn ini jalan tiga seksi seksi 3a karangjoang-kkt kariangau panjang 13 4 kilometer progres 48 persen,phase one of building the ikn toll road is a three section road section 3a karangjoang-kkt kariangau length 13 4 kilometers progress 48 percent,Netral
ikn jadi kota kualitas,ikn is a city of quality,Netral
ikn tingkat ekonomi indonesia,the level of the indonesian economy,Netral
pkb paling dosa nya ikn,pkb is the biggest sin,Netral
jepang bakal kembang bandara pinggan balikpapan jadi pintu masuk ikn,japan will develop pinggan balikpapan airport to become the entrance to ikn,Netral
menteri kerja umum rumah rakyat pupr basuki hadimuljono tak mau tahu proyek jalan tol ibu kota negara ikn nusantara ikn kaliman,public works minister pupr basuki hadimuljono doesn't want to know about the toll road project for the country's capital ikn nusantara ikn kaliman,Netral
uji coba mobil terbang 2024 ikn nusantara,2024 ikn nusantara flying car trial,Netral
pajak naik pertalite hilang untuk biaya ikn defisit kcic,pertalite's tax increase was lost to cover kcic's deficit ikn costs,Netral
4 usaha jepang tarik kembang bandara pintu masuk ikn,4 japanese businesses attracting flowers at the airport entrance to ikn,Netral
duit darimana apbn mulai gerus ikn,where does the money come from when the apbn starts to erode ikn,Netral
naik cuma buat ikn mah fak kata teh,"i only go up for fish, fak said",Netral
 food estate ikn kendeng pakel tumpang pitu papua geotherman dieng rob semarang asap jakarta wadas tamansari dago elos rempang urutsewu tambang emas trenggalek nyia,food estate ikn kendeng pakel overlapping pitu papua geotherman dieng rob semarang smoke jakarta wadas tamansari dago elos rempang urutsewu gold mine trenggalek nyia,Netral
yang masalah ikn,that's the problem,Netral
shell indonesia salah satu usaha minyak gas migas aku tarik mulai bisnis ikn kalimantan timur,shell indonesia is one of the oil and gas businesses that i started starting the fish business in east kalimantan,Netral
pak ganjar komitmen terus ikn,"sir, reward me for my continued commitment",Netral
ikn,ikn,Netral
ikn pengaruh di sana statement bilang ikn hutan,ikn influence there statement says ikn forest,Netral
mungkin maksud hikmat aguan milyaran rupiah proyek ikn hayaaaa,maybe the meaning of the wisdom of aguan billions of rupiah in the fish project is hayaaaa,Netral
awoeoeokwikwowkk hasyim kuasa lahan sekitar ikn,awoeoeokwikwowkk hasyim controls the land around ikn,Netral
mungkin maksud hikmat duit limpah aguan ikut proyek ikn,maybe it means the wisdom of having lots of money and joining an ikn project,Netral
asa ikn ya,i hope so,Netral
manusia macam gitu gk jadi ikn koit ya kemarin2 cek ombak tuh manusia laknat setan ttp setan mmng,"people like that don't become koit fish. yesterday, i was checking the waves. humans curse the devil, but the devil does",Netral
harus ikn coret ,must be crossed out,Netral
awas nanam singkong tumbuh jagung ikn ,watch out for planting cassava and growing corn,Netral
yuk lihat kembang hotel nusantara ikn kait maruarar sirait,come see the flowers of the indonesian hotel ikn kait maruarar sirait,Netral
seluruh anggota peduli sama berhala nama ikn,all members care about the idol named ikn,Netral
o masjid mcflurrynyanitu ikn,o mcflurrynyanitu mosque ikn,Netral
proyek bangun jalan tol ikn target selesai juli 2024,the ikn toll road construction project is targeted for completion in july 2024,Netral
die kan usaha juga punya proyek ikn,"yes, the business also has an ikn project",Netral
bangun ikn pak,"wake up, sir",Netral
tuhan nya ada ikn sono,there is a god like sono,Netral
usaha vietnam investasi ikn,vietnam investment business ikn,Netral
umat kristiani pernah campur aduk antar agama amp politik knp si ara bisa lanjut hotel nya ikn pake jual agama ya kadrunisme,"christians have mixed up religion and politics, why can ara continue his hotel by selling religion, kadrunism?",Netral
jangan lupa noh orang mau lanjut program lawak tidak nye rezim skarang ikn duit mane tuh kalo kaga ngutang,"don't forget, people want to continue the comedy program, don't worry about the current regime, where's the money if you don't have debt?",Netral
jadi menteri pupr kan punya proyek hotel bintang 5 ikn,so the minister of public works has a 5 star ikn hotel project,Netral
sama dukung ikn nusantara,and support indonesian fish,Netral
sama,the same,Netral
bangun ikn jadi topang ekonomi indonesia masa depan,build ikn to support indonesia's future economy,Netral
nah dengar kata rabbi yahudi,"well, listen to what the jewish rabbi said",Netral
semua orang israel agama yahudi semua yahudi jewish zionis,all israelis are jewish all jews are zionist jews,Netral
mukusnya bangun hotel ikn,the mucus is building an ikn hotel,Netral
dukung progres bangun ikn nusantara,support the progress of building the archipelago's fisheries,Netral
dukung progres bangun ikn nusantara,support the progress of building the archipelago's fisheries,Netral
dukung progres bangun ikn nusantara,support the progress of building the archipelago's fisheries,Netral
nanti kampus internasional ikn,later the ikn international campus,Netral
niu amerika serikat tarik bangun kampus pascasarjana ikn,niu united states withdraws construction of ikn graduate campus,Netral
niu amerika serikat tarik bangun ikn,niu united states pull up ikn,Netral
universitas internasional peluang kolaborasi bentuk riset didik ikn,international universities opportunities for collaboration in the form of education and education research,Netral
yesus bahasa yunani,jesus in greek,Netral
panglima jilah ribu pasu merah dukung prabowo lanjut bangun ikn,commander jilah thousand red pasu supports prabowo to continue building ikn,Netral
si tiba tiba bikin ikn,si suddenly made fish,Netral
presiden jokowi mulai bangun jambuluwuk nusantara hotel ikn,president jokowi begins building the jambuluwuk nusantara ikn hotel,Netral
tol akses tuju ikn tahap 1 rampung juli 2024 datang,ikn access toll road phase 1 will be completed in july 2024,Netral
jalan tol ikn tengah bangun begini tampak,this is how the ikn toll road is being built,Netral
ikn nusantara beri ubah besar bangsa negara,indonesian fish have made a big difference to the nation's nation,Netral
waskita tuntas 7 proyek ikn semester i daftar,waskita completes 7 ikn projects in semester i list,Netral
ahli kitab bani israil khusus yahudi tahu dan mana nabi akhir zaman lahir makanya harap nabi akhir golong sehingga qabilah yahudi diam mek nabi muhammad lahir,"the book experts of the children of israel, especially jews, know where the prophet of the end times was born, so we hope that the final prophet will be included so that the qabilah of the jews will be silent when the prophet muhammad was born.",Netral
dpt proyek ikn pak he he,got a fish project sir he he,Netral
kubah masjid ikn,ikn mosque dome,Netral
capres kamu kolega kurang ngerusak di food estate ikn,your presidential candidate colleagues are not doing enough damage to the ikn food estate,Netral
itu gara ambisi junjung kamu buat nerusin ikn ,that's because of your upholding ambition to continue the business,Netral
kl gitu baik gen z mulai beli rumah ikn 50 tahun kalo negara bangkrut jadi area elit dipuji2 generasi ikut,"if that's the case, gen z will start buying houses in 50 years, if the country goes bankrupt, it will become an elite area, praised by generations to follow.",Netral
kalau food estate ikn bang subsidi gak kalau dari mana pajak mobil pajak hibur,is there a subsidy for food estates? where does the car tax come from?,Netral
tau definisi kampanye ga,do you know the definition of campaign?,Netral
haluuuu bisa curang kpu nope,haluuuu you can cheat nope,Netral
bangun karaoke ikn mbak tahu discount pajak 75,"wake up karaoke, sis, you know, 75 tax discount",Netral
pupuk vs ikn,fertilizer vs fish,Netral
jaga aset nya ikn kalik bang,"take care of your assets, bro",Netral
beda jauh sama proses ikn,very different from the ikn process,Netral
grassrot kadrun kau diam kasih makan monyet ikn yaaaaaaaa,grassrot kadrun you keep quiet and feed the monkeys fish yaaaaaaaa,Netral
pindah ikn ae mas,"move on, bro",Netral
ikn hambalang,hamland fish,Netral
lbh suka non baduy belah,i prefer non baduy,Netral
konten mah,my content,Netral
duit buat nambahin bangun ikn pak,"money to increase your fish development, sir",Netral
foto bapak kan kuasa usaha megang proyek ikn,the photo of you is the business authority holding the ikn project,Netral
mulai babat hutan buat project ikn ,start clearing the forest for a fish project,Netral
bukan l pak 3 huruf ikn,not l sir 3 letters ikn,Netral
ikn ikn untung,ikn ikn profit,Netral
iya sama sperti ominibus law ikn,"yes, it's the same as ikn's ominibus law",Netral
menteri basuki minta jalan tol ikn rampung juli begini progres,"minister basuki asked for the ikn toll road to be completed in july, this is the progress",Netral
kirain ikn,think about it,Netral
tau sya cerita aladin bikin istana kyk di ikn,i know the story about aladdin making the palace look like an icon,Netral
hhh bagi jg gua project ikn,hhh also share my project ikn,Netral
jalan tol ikn tahap satu target rampung juli 2024,ikn toll road phase one is targeted for completion in july 2024,Netral
basuki target tiga seksi tol ikn lintas juli 2024,basuki targets three sections of the ikn cross toll road in july 2024,Netral
partai golkar bakal gelar kampanye akhir ikn,golkar party will hold ikn's final campaign,Netral
hubung sama ikn sih soal butuh biaya huft,"please contact ik about the costs required, huft",Netral
oalah makasih mas info message buzzer buzzer jokowi sekarang pindah kubu nih akan nyusul kayak kartu truf udah di pegang ,"oh, thank you, bro, info message buzzer buzzer, jokowi is now changing sides, he will follow as if the trump card is already in his hand.",Netral
buru2 mau kerja ikn,i'm in a hurry to get a job,Netral
padahal ikn baru acc 950m buat bangun masjid,even though iccn just got 950m to build a mosque,Netral
kerja ikn nyoblos tps reguler,work like voting at regular polling stations,Netral
kalau saya baca2 investasi beliau hotel ikn,"if i read about his investments, ikn hotels",Netral
ibu kota nusantara,capital of the archipelago,Netral
iyah memang masalah struktural perintah skrg cmn mau bayar utang cina sama bikin ikn,"yes, it's a structural problem with the current order because we want to pay china's debt and make fish",Netral
iya prabowo pindah ikn,"yes, prabowo moved to ikn",Netral
untuk ikn moga ajajangan siiiii kalaupun bengkak jangan over bangettt dehhh,"for fish, please don't let it swell even if it's swollen, don't overdo it",Netral
habis reklamasi terbit ikn,"after reclamation, ikn is published",Netral
jahil murokkab alih dana didik infrastruktur ,murokkab's ignorant transfer of infrastructure education funds,Netral
pupr kebut bangun jalan tol ikn tahap 1 rampung juli tahun,"pupr is speeding up the construction of the ikn toll road, phase 1 to be completed in july this year",Netral
menteri walikota presiden mundur calon diri ikn jadi kota hantu pilpres 2 putar no1 3 gabung putar 2 adioz jokowi family,minister mayor president resigns self-candidate ikn becomes ghost town presidential election 2 turn no1 3 join turn 2 adioz jokowi family,Netral
kayak gin harus resin bukan ikn mulu,"like gin has to be resinous, not fishy",Netral
sby jokowi sami mawon akhir kuasa tinggal masalah sby dg kasus hambalang century jokowi dg kasus mk politik dinasti sebentar kasus mangkrak ikn,sby joker,Netral
otw jadi ikn,otw so ikn,Netral
jalan tol ikn tengah bangun begini tampak,this is how the ikn toll road is being built,Netral
mimpi pimpin cuman beda n words efek orang mimpi jadi pimpin lee kuan yew hasil singapore hari mungkin remeh mimpi jokowi ikn nya tapi 15th akan datang kita akan berterimakasih karena,"the dream of leading is just different n words, the effect of people dreaming of being a leader, lee kuan yew, today's singapore results may be trivial, jokowi's dream, but the 15th will come, we will be grateful because",Netral
laksana bangun mulai november 2023 target selesai desember 2024,"like construction starting in november 2023, the target for completion is december 2024",Netral
work sini ngga yang kerja proyek ikn boleh aku dm tanya2 soal maju mundur mau ambil kerja sana terima kasih,"do you work here or do you work on projects? can i dm and ask questions about whether to take a job there, thank you",Netral
bayangin kalo ikn jadi bangun yang suruh bayar utang rakyat pajak naik pilih anies nomor satu,imagine if ikn was the one who ordered people to pay their debts and taxes went up and voted for anies number one,Netral
eksponen reformasi 1998 aktivis demokrasi m fadjroel rachman dukung penuh lanjut program presiden jokowi ikn perata infrastruktur gt,1998 reform exponent democracy activist m fadjroel rachman fully supports continuing president jokowi's program ikn infrastructure leveling gt,Netral
pasa cap jokky ,pasa jokky stamp,Netral
bang ara proyek ikn pak lurah,"bro, sir, village head's fish project",Netral
ayo smwa dipajakin buat ikn,"come on, let's tax it for fish",Netral
telan biaya rp638 8 miliar sistem ipal ikn nusantara kalimantan timur guna,cost rp. 638 8 billion for the ikn east kalimantan ipal system to use,Netral
atheis bicara teologi,atheists talk about theology,Netral
gua ke ikn yaallah ,i'm going to god,Netral
tanda masih punya uang,a sign that you still have money,Netral
jangan lupa anies bawa tanah kampung akuarium ikn sindir mantep,"don't forget, anies, bring the land from the ikn sindir mantep aquarium village",Netral
grey zone ikn,gray zone icon,Netral
jomblo jangan kalah sama truk truk pasang,singles don't lose out to truck pairs,Netral
truk pasang masa tidak,no time to install the truck,Netral
seperti,like,Netral
pak wowo tentara tni yang punya rumah bapak menhan punya ratus ribu hektar tanah etika nya omon omon tanah buat ikn bukan double cuan dong,"mr. wowo, a tni soldier who owns a house. the minister of defense has hundreds of thousands of hectares of land. the ethics of it are omon omon. land for fish is not a double profit, bro.",Netral
jawab b sport city masuk konsep pembagunan ikn yuk ikut,"answer b sport city is part of the concept of fish development, let's join in",Netral
lah bukan sebentar bakal pindah ikn tinggal tunggu selesai kan ikn nya,"it won't take a while for the fish to move, just wait for the fish to finish",Netral
nilai investasi groundbreaking ikn nusantara tahap empat capai 1 1 triliun rupiah,the investment value for the fourth phase of indonesian ikn groundbreaking has reached 1.1 trillion rupiah,Netral
ajar brasil jk minta bangun ikn evaluasi,teach brazil if you ask to wake up ikn evaluate,Netral
nilai investasi groundbreaking ikn nusantara tahap empat capai 1 1 triliun rupiah,the investment value for the fourth phase of indonesian ikn groundbreaking has reached 1.1 trillion rupiah,Netral
dapat duga ujung biaya proyek mercusuar tanggung rakyat tidak rasa sama sekali manfaat proyek sebut masuk kiic ikn food estate,can you guess that the cost of the lighthouse project will be the responsibility of the people? they don't feel at all the benefits of the project. call it kiic ikn food estate,Netral
nilai investasi groundbreaking ikn nusantara tahap empat capai 1 1 triliun rupiah,the investment value for the fourth phase of indonesian ikn groundbreaking has reached 1.1 trillion rupiah,Netral
bangun jembatan ada duit kalau ikn duit tak tuan banyaaakkk,"build a bridge with money, if you don't have a lot of money, sir",Netral
ikn ingat ingat ikn,ikn remember remember ikn,Netral
emang kalo lihat besar pak wong jabat kita punya maha besar bisa bolak balik ada semangat terus abah juang hilir ikn juga juang mati2an,"indeed, if you look at the size of mr. wong, our position is very big, you can go back and forth, there is enthusiasm, bro, you will continue to fight downstream and also fight to the death.",Netral
pikir bisnis ikn,think ikn business,Netral
plus ngak proyek ikn seperti adik gemoy ,"plus, it's not an ikn project like my gemoy sister",Netral
nilai investasi groundbreaking ikn nusantara tahap empat capai 1 1 triliun rupiah,the investment value for the fourth phase of indonesian ikn groundbreaking has reached 1.1 trillion rupiah,Netral
kebut suasana bangun ikn tuju upacara 17 agustus 2024,accelerate the atmosphere of ikn's wake up to the ceremony on august 17 2024,Netral
khareedah baandri bc kiraye ki sahafi sahafat ki fazlooo hai,khareedah baandri bc kiraye ki sahafi sahafat ki fazlooo hai,Netral
emang dampak bangun ikn cuma doang pajak bakal pd naik,"indeed, the only impact of developing fish is that taxes will increase",Netral
dapat proyek ikn pak lurah,got the village head's fish project,Netral
masalah emang udah invest kan biaya 90 apbn investor ada yang tarik masalah ikn kalau tetep dilanjutin apbn mati negara,"the problem is that if you invest, it costs 90 apbn, investors will have a problem, if you continue with the apbn, the country will die.",Netral
yok yok anggar 8000t ikn,"come on, budget 8000t ikn",Netral
mungkin maksud tuhan itu aguan cs banyak kasi uang buat ikn hayaaa,maybe god means that aguan cs will give lots of money for fish hayaaa,Netral
jadi ikn untuk buka sawah,so fish to open rice fields,Netral
ikn nusantara,archipelago fish,Netral
lihat ikn,see ikn,Netral
salim group masih join sponsors ikn ouch yah metland ouch,salim group still joining sponsors ikn ouch yah metland ouch,Netral
kemarin ajak ikn mikir mikir soal 5 jam jalan,yesterday i asked him to think about 5 hours of walking,Netral
cek di ig nya ikn di share situ ampe loker loker di share,"check on ig, the icon is shared there until the locker is shared",Netral
jalan tol ikn tengah bangun begini tampak,this is how the ikn toll road is being built,Netral
ikn nusantara,archipelago fish,Netral
infrastruktur ikn,ikn infrastructure,Netral
infrastruktur ikn,ikn infrastructure,Netral
infrastruktur ikn,ikn infrastructure,Netral
infrastruktur ikn,ikn infrastructure,Netral
infrastruktur ikn,ikn infrastructure,Netral
infrastruktur ikn,ikn infrastructure,Netral
presiden minta menpan rb perinci skenario pindah asn ikn,the president asked the minister of administrative and bureaucratic reform to detail the scenario for moving asn ikn,Netral
ibu kota nusantara,capital of the archipelago,Netral
jokowi luncur nusantara logistics hub and services pt pos indonesia ikn,jokowi launches nusantara logistics hub and services pt pos indonesia ikn,Netral
jokowi optimis upacara hut ke-79 ri selenggara iknk nusantara,jokowi is optimistic that the republic of indonesia's 79th anniversary ceremony will be held by iknk nusantara,Netral
inspirasi sorban bangun masjid negara ikn nusantara,inspiration for the turban to build the ikn archipelago state mosque,Netral
bangun masjid negara ikn mulai,ikn state mosque building begins,Netral
bangun memorial park ikn hormat pahlawan,build a memorial park to honor heroes,Netral
presiden memorial park hormat pahlawan diri bangsa,president's memorial park honors the nation's heroes,Netral
simbol toleransi moderasi agama bangun masjid negara mulai,"symbol of tolerance, religious moderation, building mosques, the country begins",Netral
saksi elo desain masjid negara ikn pesona sorban jadi sentuh elegan inspirasi   ,"witness your design of the state mosque, the charm of the turban has a touch of elegance, inspiration",Netral
ibu kota nusantara ikn,capital of the indonesian archipelago,Netral
qatar pasti lolos 16 besar piala asia lihat peluang timnas indonesia,"qatar will definitely qualify for the last 16 of the asian cup, see the indonesian national team's chances",Netral
masyarakat suku dayak dukung ikn,dayak tribal community supports ikn,Netral
kalian suka mana jalan meliuk2 benang kusut jalan simetris ketupat,do you like where the streets twist around the tangled threads on a diamond symmetrical path?,Netral
apical mpm group chandra asri,apical mpm group chandra asri,Netral
menteri pupr minta bangun rtjm ikn selesai juni 2024,minister of public works and public housing asks for construction of rtjm ikn to be completed by june 2024,Netral
progres bangun ibu kota nusantara ikn,"progress in building the capital of the archipelago, ikn",Netral
bangun masjid negara ikn telan anggar rp940 miliar,building the state mosque cost idr 940 billion,Netral
presiden jokowi harap masjid negara ikn representasi majemuk indonesia,president jokowi hopes that the state mosque will be a diverse representation of indonesia,Netral
presiden jokowi groundbreaking bangun gedung kawasan kantor otorita ibu kota nusantara nila 509 miliar kawasan kantor oikn lengkap command center urban gallery,president jokowi groundbreaking builds building for indonesian capital authority office area nila 509 billion oikn office area complete with command center urban gallery,Netral
presiden jokowi groundbreaking jambuluwuk nusantara hotel ikn nila 300 miliar ini tambah jumlah hotel operasi ibu kota nusantara tambah sedia kamar hotel,"president jokowi groundbreaking jambuluwuk nusantara 300 billion nila fish hotel, increasing the number of hotels operating in the capital of the archipelago, adding hotel rooms",Netral
hilon geotextile produk serbaguna aplikasi proyek sipil teknik lingkung proyek bangun,hilon geotextile is a multi-purpose product for applications in civil engineering environmental engineering projects,Netral
fifa kait tc,tc hook fifa,Netral
jokowi optimis upacara ke-79 hut ri gelar ikn,jokowi is optimistic that the 79th indonesian independence day ceremony will hold ikn,Netral
hotel bintang lima besut jambuluwuk ikn mulai bangun lt,five-star hotel built by jambuluwuk ikn starts building 1st floor,Netral
bangun memorial park ikn bentuk hormat pahlawan,build a memorial park as a form of respect for heroes,Netral
jokowi resmi masjid negara ikn mampu tampung 61 ribu jamaah,jokowi's official ikn state mosque can accommodate 61 thousand worshipers,Netral
komitmen perintah tingkat bangun infrastruktur papua,command level commitment to build papuan infrastructure,Netral
presiden jokowi optimis upacara hut ke-79 ri gelar ikn,president jokowi is optimistic that ri's 79th anniversary ceremony will hold the ikn,Netral
biaya rp991 miliar masjid negara kawasan ibu kota nusantara ikn target rampung desember 2024 groundbreaking tanda mula konstruksi rabu 17 januari 2024,"cost rp. 991 billion, state mosque in the archipelago capital region, target for completion in december 2024, groundbreaking, construction start wednesday, january 17, 2024",Netral
presiden joko widodo laku groundbreaking bangun masjid negara ibu kota negara nusantara kalimantan timur kapasitas rumah ibadah capai 61 ribu,"president joko widodo carries out groundbreaking to build national mosque, capital of the archipelago, east kalimantan, capacity of houses of worship reaches 61 thousand",Netral
kepala negara sampai perintah akan bangun gereja wihara pura klenteng samping masjid negara download play store amp app store,the head of state received the order to build a temple temple temple church next to the state mosque. download play store & app store,Netral
bangun masjid negara kerja lama 400 hari kerja nilai bangun capai rp940 miliar,"building the state mosque took 400 working days, the construction value reached idr 940 billion",Netral
presiden joko widodo jokowi laku groundbreaking bangun masjid negara ibu kota negara ikn nusantara kalimantan timur kapasitas rumah ibadah capai 61 ribu,"president joko widodo jokowi carries out groundbreaking to build national mosque, capital of the country, ikn archipelago, east kalimantan, capacity of houses of worship reaches 61 thousand",Netral
presiden joko widodo laku groundbreaking bangun masjid negara ibu kota negara nusantara kalimantan timur kapasitas rumah ibadah capai 61 ribu,"president joko widodo carries out groundbreaking to build national mosque, capital of the archipelago, east kalimantan, capacity of houses of worship reaches 61 thousand",Netral
jokowi groundbreaking masjid negara ikn nilai konstruksi capai rp 940 miliar,"jokowi groundbreaking of the ikn state mosque, construction value reached idr 940 billion",Netral
bukan sekadar kendara anda sewa alam tak lupa nanti tiap tikung jalan  dapat info sewa mobil,"don't just rent a car, don't forget that at every corner of the road you will get car rental information",Netral
presiden joko widodo jokowi resmi mulai bangun masjid negara ibu kota nusantara ikn rabu 17 01 2024 lt,"president joko widodo jokowi officially starts building the national mosque in the capital of the archipelago, wednesday 17 01 2024 lt",Netral
presiden joko widodo kata masjid perintah akan bangun tempat ibadah di kawasan ibu kota nusantara ikn najam paser utara kalimantan timur lt,"president joko widodo said that the mosque order will build a place of worship in the archipelago's capital area, ikn najam paser utara, east kalimantan, lt",Netral
7  dapat kalian kait 8 prinsip milik ikn yuk kawal bangun ikn terap prinsip sebut ,"you can relate to 7 principles of ikn, let's take care of building ikn, apply these principles",Netral
masjid negara ikn mulai bangun nilai konstruksi rp 940 miliar lt,"ikn state mosque begins construction, construction value rp. 940 billion lt",Netral
presiden joko widodo laku groundbreaking bangun masjid negara ibu kota negara nusantara kalimantan timur kapasitas rumah ibadah capai 61 ribu,"president joko widodo carries out groundbreaking to build national mosque, capital of the archipelago, east kalimantan, capacity of houses of worship reaches 61 thousand",Netral
komitmen perintah terus lanjut bangun ikn nusantara,the command's commitment to continue building the indonesian archipelago,Netral
bangun plts atas lahan 100 ha kawasan ikn nusantara,build plts on 100 ha of land in the archipelago fish area,Netral
ikn nusantara jadi daya tarik para investor ingin investasi,indonesian fish have become an attraction for investors who want to invest,Netral
lapor sebut presiden jokowi laku kunjung kerja ke ikn laku jumlah groundbreaking,reports say president jokowi is visiting work at ikn for groundbreaking,Netral
hut indonesia 2024 rencana selenggara di ikn,indonesia's 2024 anniversary is planned to be held at ikn,Netral
giur buat kacang lupa kulit nya,tempting for peanuts to forget the skin,Netral
hari jokowi groundbreaking 10 proyek ikn nusantara masjid negara kapasitas 1 juta jemaah lewat,jokowi's day of groundbreaking of 10 indonesian national mosque projects with a capacity of 1 million worshipers passed,Netral
suara,voice,Netral
oikn ungkap brunei malaysia bantu ri garap ikn,oikn says brunei malaysia is helping ri to work on ikn,Netral
otorita ibu kota nusantara oikn target 28 proyek gedung huni ikn rampung bangun dapat fungsional juni 2024 28 proyek sebut diri 17 proyek dana apbn 11 proyek dana non-apbn lt,indonesian capital authority oikn targets 28 ikn residential building projects to be completed and functional by june 2024 28 projects to call themselves 17 apbn funding projects 11 non-apbn lt funding projects,Netral
komitmen bangun,commitment to build,Netral
hemmm vex buddies kira kira kalian mendevelop pake c jg g ,"hmmm, vex buddies, i think you guys are developing using c and g",Netral
listrik gas target mulai operasi nusantara agustus 2024,gas electricity target to start operating in the archipelago in august 2024,Netral
jokowi kunjung brunei darussalam indonesia cuan rp 7 triliun investasi ikn lt,"jokowi visits brunei darussalam, indonesia makes idr 7 trillion investment in ikn lt",Netral
janji pak basuki soal kualitas jalan tol ikn nusantara,pak basuki's promise regarding the quality of the ikn archipelago toll road,Netral
aja jokowi usaha vietnam investasi ikn nusantara,"just jokowi, vietnam's indonesian fish investment business",Netral
kolaborasi usaha vietnam investasi ikn nusantara,vietnamese business collaboration for indonesian fish investment,Netral
hallo-hallo  vex buddies gmna tuju g sama statement atas,"hello-hallo vex buddies, how do you go to the same statement above",Netral
usaha vietnam investasi,vietnam investment business,Netral
      capres cawapres ri 2024 kunjung ikn ibu kota nusantara ,ri 2024 presidential and vice presidential candidates visit the capital of the archipelago,Netral
brunei investasi ikn,brunei investment ikn,Netral
last in kalimantan,last in kalimantan,Netral
warga tak kebun lahan masuk bandara vvip ikn nusantara tak jelas ganti lewat,residents who don't grow land enter the vvip ikn nusantara airport and don't change through,Netral
fakta kena bangun ikn nusantara,facts about the indonesian archipelago,Netral
beberapa sumber anggar bangun ikn nusantara,several fencing sources build indonesian archipelago,Netral
proyek ikn nusantara tawar para investor,indonesian fish project bid by investors,Netral
fakta bangun ikn nusantara,facts about the rise of the indonesian archipelago,Netral
daya tarik wisata ada sekitar kawasan ikn nusantara,there are tourist attractions around the ikn archipelago area,Netral
hari banyak banget postingan soal ikn lewat fyp tiktok jadi pikir klau 01 menang gimana nasib ikn klau salah 01 kan mau buat 40 kota jakarta ikn bengkalai,today there are lots of posts about ikn via fyp tiktok so i think if 01 wins what will happen to ikn if it's wrong 01 wants to create 40 abandoned ikn cities,Netral
kerja sama bangun pertamina ikn,collaboration to build pertamina ikn,Netral
target akan canang bangun ikn nusantara,the target will be to build the indonesian archipelago,Netral
investor malaysia turut tanam modal bangun ikn nusantara,malaysian investors are also investing capital to build indonesian fisheries,Netral
6 domain akan gandeng bangun ikn nusantara,6 domains will work together to build the indonesian archipelago,Netral
anies banding anggar buat rel kereta api pontianak-samarinda lebih kecil ikn nusantara lewat,anies appeals fencing to make the pontianak-samarinda railway track smaller and the indonesian archipelago passes,Netral
dewan timbang timnas amin bangun 40 kota tara jakarta tak bakal posisi ikn jadi hambalang 2,"amin's national team weighing board builds 40 tara cities, jakarta will not be in the position of ikn being a hindrance 2",Netral
universitas nama amerika serikat as northern illinois university niu rencana bangun kampus pascasarjana ibu kota nusantara ikn lt,university names of the united states us northern illinois university niu plans to build postgraduate campus capital of the archipelago ikn lt,Netral
anies banding anggar buat rel kereta api pontianak-samarinda lebih kecil ikn nusantara lewat,anies appeals fencing to make the pontianak-samarinda railway track smaller and the indonesian archipelago passes,Netral
hemmm vex buddies gmna kalo ikn jadi beneran jadi indonesia alami transisi teknology ,"hemmm, vex buddies, what happens if fish actually become indonesians experiencing a technological transition?",Netral
investasi ikn panjang 2023,long-term investment in 2023,Netral
kerja sama ikn pertamina wujud net zero emissions 2045,pertamina's fisheries collaboration will achieve net zero emissions by 2045,Netral
proyek pihak swasta groundbreaking ikn panjang 2023,ikn panjang groundbreaking private sector project 2023,Netral
fase asn akan pindah ikn nusantara,the asn phase will move to the archipelago,Netral
tuju pindah ikn nusantara,go to move to indonesia,Netral
series pucuk surat republik tiongkok nusantara mulai x 12 januari 2024,republic of china archipelago letter shoot series starting x january 12 2024,Netral
di ikn sanap tengab,in ikn sanap tengab,Netral
optimis capai pindah ibu kota negara tahun 2024,optimistic about moving to the country's capital in 2024,Netral
2 penasaran sih saja tahap bangun ikn 20 tahun datang simak lengkap infografik ikut yuk,"2 i'm just curious about the stages of building a 20-year-old ikn, let's take a look at the complete infographic",Netral
ibu kota nusantara langkah strategis kembang indonesia masa depan,"capital city of the archipelago, a strategic step for indonesia's future development",Netral
barakallah,barakallah,Netral
menteri sekretariat negara kemensetneg mulai siap upacara ingat hari ulang tahun hut ri ke-79 ibu kota nusantara selasa 9 1 2024 lt,"minister of state secretariat ministry of state secretariat begins preparing for ceremony to commemorate the 79th anniversary of the indonesian capital, tuesday 9 1 2024 lt",Netral
dia urgensi pindah,he urgently moved,Netral
wujud ikn majemuk harmonis sesuai identitas bangsa indonesia sesuai uu ikn no 3 tahun 2022,the form of a harmonious compound ikn in accordance with the identity of the indonesian nation in accordance with ikn law no. 3 of 2022,Netral
istana bahas siap upacara merdeka 17 agustus 2024 ikn,palace discusses readiness for independence ceremony 17 august 2024 ikn,Netral
pandang cak imin soal ikn simbol perata source youtube muhaimin iskandar date 3 januari 2024,cak imin's perspective on ikn leveling symbols source youtube muhaimin iskandar date 3 january 2024,Netral
presiden joko widodo laku ground breaking proyek strategis ibu kota nusantara masuk hotel bintang botanical garden gedung perintah proyeksi investasi rp 100 triliun,"president joko widodo conducts ground breaking strategic project for indonesian capital enters star hotel, botanical garden, building orders investment projection idr 100 trillion",Netral
pengin debat pak kena nusantara diskriminatif,"i want to debate, sir, that the indonesian archipelago is discriminatory",Netral
pengin debat pak kena nusantara diskriminatif,"i want to debate, sir, that the indonesian archipelago is discriminatory",Netral
pengin debat pak kena diskriminatif,"if you want to debate, sir, you will be discriminated against",Netral
motor lintas jembatan hampir ambruk daerah kalimantan  tiktok wulan waweyni,"the motorbike crossing the bridge almost collapsed in the kalimantan area, tiktok wulan waweyni",Netral
ikn mulai lihat wujud,the fish is starting to take shape,Netral
proyek bangun nusantara,archipelago building project,Netral
ikn nusantara saat masih rupa proyek tarik investor,ikn nusantara is still a project that attracts investors,Netral
